지점,일시,평균기온(°C),최저기온(°C),최저기온 시각(hhmi),최고기온(°C),최고기온 시각(hhmi),강수 계속시간(hr),10분 최다 강수량(mm),10분 최다강수량 시각(hhmi),1시간 최다강수량(mm),1시간 최다 강수량 시각(hhmi),일강수량(mm),최대 순간 풍속(m/s),최대 순간 풍속 풍향(16방위),최대 순간풍속 시각(hhmi),최대 풍속(m/s),최대 풍속 풍향(16방위),최대 풍속 시각(hhmi),평균 풍속(m/s),풍정합(100m),평균 이슬점온도(°C),최소 상대습도(%),최소 상대습도 시각(hhmi),평균 상대습도(%),평균 증기압(hPa),평균 현지기압(hPa),최고 해면기압(hPa),최고 해면기압 시각(hhmi),최저 해면기압(hPa),최저 해면기압 시각(hhmi),평균 해면기압(hPa),가조시간(hr),합계 일조시간(hr),1시간 최다일사 시각(hhmi),1시간 최다일사량(MJ/m2),합계 일사량(MJ/m2),일 최심신적설(cm),일 최심신적설 시각(hhmi),일 최심적설(cm),일 최심적설 시각(hhmi),합계 3시간 신적설(cm),평균 전운량(1/10),평균 중하층운량(1/10),평균 지면온도(°C),최저 초상온도(°C),평균 5cm 지중온도(°C),평균 10cm 지중온도(°C),평균 20cm 지중온도(°C),평균 30cm 지중온도(°C),0.5m 지중온도(°C),1.0m 지중온도(°C),1.5m 지중온도(°C),3.0m 지중온도(°C),5.0m 지중온도(°C),합계 대형증발량(mm),합계 소형증발량(mm),9-9강수(mm),안개 계속시간(hr)
266,2020-01-01,.5,-5.4,518,6.7,1320,,,,,,,5.7,270,1328,4.7,270,1329,1.6,1371,-10.2,29,413,44.8,3,1020,1032.7,329,1029.1,1445,1031.1,9.9,8.9,1200,2.01,11.81,,,,,,1.3,.1,1.2,-8,.9,2,4.2,4.5,,,,,,1.6,2.3,,
266,2020-01-02,3.7,-1,624,10,1419,,,,,,,7.6,270,1551,4.9,270,1556,1.3,1149,-5.6,32,1432,51.5,4,1017.7,1030.9,841,1026.6,1421,1028.5,9.9,8.5,1200,1.86,10.77,,,,,,.6,0,2.5,-5.9,2.4,3.1,4.3,4.3,,,,,,1.7,2.4,,
266,2020-01-03,5.3,2.2,720,10.3,1346,,,,,,,5.8,270,1317,4.4,270,1250,1.9,1609,-3.7,34,1354,53.4,4.7,1014.9,1028,1,1023.4,1418,1025.6,9.9,8.6,1200,1.96,10.99,,,,,,0,,3.2,-2.5,3.4,4.1,4.8,4.7,,,,,,1.7,2.5,,
266,2020-01-04,4.6,.1,512,10,1322,,,,,,,7.5,290,1433,5.5,290,1437,1.7,1443,-4.1,35,1307,54.4,4.5,1014.1,1027.5,2353,1022.5,1437,1024.9,9.9,8,1200,1.99,10.99,,,,,,2,1.1,3.1,-4.7,3.3,4.1,5.1,5,,,,,,2,2.8,,
266,2020-01-05,5.8,.4,739,10.7,1529,,,,,,,3.6,70,1212,2.8,70,1219,.6,491,-7.2,16,1506,42.5,3.7,1018.9,1031.6,1001,1027.4,21,1029.7,9.9,8.3,1200,2.09,11.86,,,,,,3,1.9,3.1,-5.8,3.4,4.3,5.1,5,,,,,,1.7,2.5,,
266,2020-01-06,6.7,4.4,923,9,2355,,,,,,13.5,6.2,70,2152,4.7,70,2218,1.5,1263,2.4,38,13,76.3,7.6,1015.1,1030.1,2,1020.5,2353,1025.8,9.9,0,1200,.28,1.31,,,,,,9.5,4,5.3,2,5.4,5.4,5.7,5.5,,,,,,.4,.6,,
266,2020-01-07,12.1,7.6,454,16.7,1922,,,,,,36.5,12.8,270,2043,8.8,270,2051,1.5,1271,10.7,73,2143,91.5,13,1001.7,1020.5,1,1003.1,2235,1012.1,9.9,0,1200,.37,1.19,,,,,,8,,10.2,7.4,10.2,9.2,7.5,6.8,,,,,,.9,1.3,,
266,2020-01-08,5.9,3.7,2353,12.5,18,,,,,,.2,14.1,270,135,9.8,270,141,5.5,4755,.7,61,1059,69.4,6.5,1004.6,1021.9,2258,1003.9,16,1015.3,9.9,1.3,1100,1.27,3.97,,,,,,7.5,5.3,6.1,2,6.4,7.6,8.6,8.2,,,,,,1.3,1.9,,
266,2020-01-09,4.2,1.4,2334,9.4,1349,,,,,,,8.5,290,809,7.3,290,824,2.7,2347,-5,32,1444,52.4,4.2,1011.3,1023.6,2248,1020.4,1349,1022,10,6,1200,1.72,9.3,,,,,,6.5,.3,3.7,-1.4,3.9,4.9,6.5,6.5,,,,,,1.4,1.9,,
266,2020-01-10,3.9,-.9,519,10,1444,,,,,,,3.4,230,1527,2.8,230,1532,.8,696,-6,20,1557,50.9,3.9,1011.4,1025.2,936,1020.1,2339,1022.2,10,8.7,1200,2.08,12.12,,,,,,3.3,1.8,3.2,-5.6,3.3,4.2,5.6,5.7,,,,,,2,2.8,,
266,2020-01-11,5.2,0,702,10.8,1446,,,,,,,4.7,270,1559,4,290,1601,1.3,1104,-5.2,35,1446,47.4,4.2,1007.5,1021.5,1024,1015.8,1459,1018.2,10,8.2,1200,1.99,11.64,,,,,,5.8,1.9,4.2,-4.4,4.4,4.9,5.8,5.7,,,,,,2,2.9,,
266,2020-01-12,3.6,1.6,2256,6.7,1443,,,,,,,9.2,290,950,7.4,290,1000,3.4,2971,-5.8,38,1444,50.3,4,1006.6,1020.1,2234,1015.6,1434,1017.3,10,7.8,1200,2.11,11.32,,,,,,5.3,2.4,3.5,-1.7,3.5,4.5,5.9,5.8,,,,,,1.8,2.6,,
266,2020-01-13,2.3,0,2236,7.1,1422,,,,,,,7.5,270,1340,5.5,290,1349,2.7,2346,-6.1,36,1406,53.9,3.9,1011.5,1025.4,2349,1019.2,109,1022.4,10,5.3,1300,2.06,9.29,,,,,,6.1,3.1,2.6,-3.1,2.7,3.5,5.1,5.1,,,,,,1.5,2.1,,
266,2020-01-14,2.1,-.2,608,6.2,1509,,,,,,0,4.8,290,1,3.6,290,2,1,855,-7.1,36,1529,51,3.6,1013.8,1026.8,2321,1022.7,1409,1024.7,10,4.1,1400,1.41,7.34,,,,,,4.9,3.3,2.9,-5,2.6,3.4,4.8,4.8,,,,,,1.2,1.7,,
266,2020-01-15,2.3,-1.4,736,7.3,1404,,,,,,,5.8,290,1424,4.4,270,1511,1.8,1549,-8.2,30,1420,47.1,3.3,1015.8,1028.7,1025,1024.6,1448,1026.7,10.1,8.3,1200,2.17,12.63,,,,,,2.8,0,2.4,-7.2,2.2,3.3,4.4,4.4,,,,,,1.8,2.6,,
266,2020-01-16,3.5,-.8,125,8.3,1530,,,,,,,2.5,70,2038,1.7,70,2045,.6,517,-9.7,21,1519,39.4,3,1014.3,1027.4,307,1022.7,1618,1025.1,10.1,7.2,1300,2.05,10.66,,,,,,8.3,4.9,3.3,-5.2,3.4,3.8,4.6,4.5,,,,,,1.4,2,,
266,2020-01-17,4.8,1.3,2353,10.2,1600,,,,,,,5,290,1821,4,290,1828,1.1,933,-12,13,1636,30,2.5,1010.4,1023.4,5,1018.7,1544,1021.1,10.1,7.7,1300,1.81,10.88,,,,,,5.6,4.6,4.4,-1.5,4.4,4.9,5.4,5.1,,,,,,2.3,3.3,,
266,2020-01-18,4.3,-.1,442,10.6,1445,,,,,,,6,290,1843,5.1,290,1826,1.7,1496,-12.1,14,1459,31.3,2.5,1008.9,1021,2244,1017.8,1514,1019.7,10.1,9.1,1200,2.17,13.1,,,,,,.8,.3,3.1,-6.6,3.3,4.1,5.1,5,,,,,,2.6,3.7,,
266,2020-01-19,4.2,.3,252,8.2,1328,,,,,,0,8,290,1339,5.4,270,1343,1.9,1643,-3.3,46,3,58.4,4.8,1009.1,1021.4,2328,1018.2,1338,1019.8,10.1,1.8,1200,1.17,6.04,,,,,,5,2,2.6,-4,2.5,3.5,4.8,4.8,,,,,,1,1.5,,
266,2020-01-20,4.3,1,659,9,1454,,,,,,,7.8,290,1626,5.7,290,1628,2.1,1787,-5.3,35,1245,50.5,4.1,1012,1025.9,2400,1020.8,116,1022.8,10.2,7.1,1200,1.81,10.75,,,,,,1.8,1.1,2.9,-4.1,2.9,3.4,4.5,4.5,,,,,,2,2.8,,
266,2020-01-21,3.6,-1.4,738,8.6,1406,,,,,,,4.3,290,1,3.7,290,226,1.3,1156,-10.4,17,1604,36,2.8,1018.1,1031.1,1034,1025.9,1,1029,10.2,9.1,1200,2.29,13.83,,,,,,2.5,1.4,3.1,-6.3,3.1,3.7,4.5,4.4,,,,,,1.9,2.7,,
266,2020-01-22,6.2,3.5,214,8,2014,,,,,,14.5,6.1,70,2124,4.8,70,2126,.9,741,1.9,41,2,75.8,7.4,1013,1028.6,1,1019.5,2400,1023.7,10.2,0,1000,.18,.99,,,,,,9.9,3.6,4.7,1.8,4.8,4.7,5,4.7,,,,,,.4,.5,,
266,2020-01-23,8.6,6.6,527,11.2,1233,,,,,,1.5,4.6,90,52,3.4,70,10,.6,494,6.8,77,1240,89,9.9,1011.3,1025.2,2349,1019,56,1021.9,10.2,0,1200,1.19,4.76,,,,,,8.8,5.8,8.3,4.3,8.3,7.8,6.7,6.1,,,,,,.7,1,,
266,2020-01-24,9,4.4,739,13.6,1410,,,,,,,5.9,70,2344,4.8,50,2223,1.6,1348,.8,33,1257,59.8,6.6,1017.2,1030,2313,1025,11,1027.9,10.3,7.1,1200,2.1,11.73,,,,,,7.3,4.5,7.5,-1.1,7.4,7.5,7.5,6.9,,,,,,2.3,3.3,,
266,2020-01-25,8.8,7.6,717,11.1,1223,,,,,,,6.7,50,402,5.5,50,351,2.9,2468,2.3,56,1252,64.4,7.3,1017.7,1029.9,1025,1027.1,2010,1028.4,10.3,0,1200,1.21,5.09,,,,,,10,6.6,7,6.4,7.3,7.4,7.6,7.2,,,,,,1.2,1.8,,
266,2020-01-26,8.8,6.6,822,12.2,1338,,,,,,,9.6,50,2154,7.7,70,2022,3.7,3186,1.1,50,1250,58.8,6.6,1014,1027.9,1,1021.8,2334,1024.6,10.3,2.8,1300,1.5,7.39,,,,,,9.5,4,6.9,3.3,7.2,7.4,7.5,7.2,,,,,,2,2.8,,
266,2020-01-27,6.5,5.3,1345,8.5,3,,,,,,10,11.8,70,1354,8.9,50,326,4.9,4222,3.3,60,2,80.6,7.8,1004.4,1021.9,1,1012.3,1355,1015,10.3,0,1200,.25,1.54,,,,,,8.5,3.8,6,4.7,6,6.6,7.4,7.2,,,,,,.8,1.1,,
266,2020-01-28,8.9,6,557,14,1331,,,,,,0,6.3,50,103,4.7,50,104,1.6,1382,1.3,43,1312,59.9,6.7,1005.5,1017.6,2129,1014.1,57,1016.1,10.4,1.2,1200,1.91,7.51,,,,,,5.9,4.3,7.5,4.7,7.6,7.6,7.4,7.1,,,,,,1.3,1.9,,
266,2020-01-29,7,4.9,2351,10.1,1139,,,,,,1.5,3.2,290,43,2.5,290,51,.8,689,2.8,48,1154,76.3,7.5,1004.3,1017.4,1,1013.4,1458,1014.9,10.4,.1,1100,1.27,4.32,,,,,,7.3,5.3,7.3,3.5,7.3,7.6,8.1,7.6,,,,,,.7,1.1,,
266,2020-01-30,6.5,4.2,2307,12.1,1518,,,,,,.5,5.1,290,2104,4.4,290,2110,1.3,1104,.3,33,1522,67,6.3,1003.5,1017,2400,1012.5,1437,1014.2,10.4,5,1000,1.72,9.78,,,,,,6.8,3.3,7.3,1.5,7.1,7.5,8,7.7,,,,,,1.5,2.1,,
266,2020-01-31,5,2.1,2400,9.7,1332,,,,,,,6.9,270,1541,5.7,270,1544,2.3,1974,-3.1,35,1334,57,4.9,1008.8,1022.4,2327,1016.9,2,1019.5,10.5,7.6,1300,2.2,12.62,,,,,,2.3,.6,4.8,-1.9,4.7,5.8,7.2,7.2,,,,,,2,2.8,,
266,2020-02-01,4.8,0,609,10.2,1337,,,,,,,7,290,1428,4.8,290,1434,1.6,1375,-3.7,37,1351,54.9,4.7,1013.5,1025.6,1000,1022.3,2,1024.3,10.5,8.8,1200,2.25,13.41,,,,,,1.1,.3,3.8,-5,3.9,5,6.4,6.4,,,,,,1.9,2.7,,
266,2020-02-02,5.7,1.4,659,11.5,1606,,,,,,,6.7,290,2328,5.9,290,2335,1.9,1669,-5,20,1610,48.8,4.3,1013.9,1026.8,900,1022.2,1557,1024.6,10.5,8.9,1200,2.18,13,,,,,,3.9,.5,4.9,-2.7,4.9,5.6,6.4,6.2,,,,,,2.5,3.5,,
266,2020-02-03,4,.6,2357,8.3,1436,,,,,,,8.7,290,1227,6.7,290,1315,2.8,2436,-6.7,27,130,46.6,3.8,1014.6,1027.3,2242,1023.3,355,1025.4,10.5,8.4,1200,2.37,13.52,,,,,,2,.6,4.2,-3.5,4.1,5,6.3,6.2,,,,,,2.3,3.3,,
266,2020-02-04,3.3,-2.4,709,10.5,1517,,,,,,0,6.1,270,1524,4.1,270,1526,1.4,1179,-10.8,10,1503,38.9,2.8,1014.9,1027.9,815,1022.8,1532,1025.8,10.6,9.6,1200,2.44,15.43,,,,,,.1,0,3.6,-7.3,3.6,4.7,5.8,5.7,,,,,,2.6,3.7,,
266,2020-02-05,.4,-3.8,2345,4.4,1332,,,,,,,7.5,290,1801,5.9,290,1921,3.9,3345,-15.8,10,1550,33.1,2.1,1016.9,1031.6,2141,1024.9,422,1027.9,10.6,9.8,1200,2.56,16.2,,,,,,.9,.5,2.8,-5.6,2.7,4,5.5,5.6,,,,,,3.2,4.6,,
266,2020-02-06,-.1,-6,741,5,1455,,,,,,,3.8,290,133,3.2,290,133,1.1,955,-19.4,11,1349,22.6,1.3,1020.8,1034.3,905,1030.3,1531,1031.9,10.6,7.8,1200,2.42,13.92,,,,,,4.8,2.5,2.4,-10.1,1.9,3.1,4.6,4.6,,,,,,1.8,2.6,,
266,2020-02-07,3.7,0,819,9.4,1231,,,,,,,8.5,290,2006,7.4,290,2000,2,1700,-11.8,14,1229,32.9,2.5,1016.5,1031.1,21,1024.4,1547,1027.4,10.7,7.5,1200,2.1,12.68,,,,,,6,0,3.7,-5,3.6,4.3,5,4.8,,,,,,2.5,3.6,,
266,2020-02-08,3.7,.3,2356,8.2,1427,,,,,,,7.8,290,2105,6.2,270,1140,3.2,2776,-7.7,26,1541,43.5,3.4,1014.8,1027.6,2339,1023.3,1500,1025.6,10.7,9,1200,2.44,15.85,,,,,,1,.9,4.5,-3.5,4,4.7,5.4,5.2,,,,,,2.6,3.7,,
266,2020-02-09,3,-2.1,711,9.3,1512,,,,,,,6.2,270,1318,4.6,270,1319,1.8,1581,-9.6,17,1419,41,3,1014.3,1028.5,139,1022.1,1616,1025.2,10.7,9.7,1200,2.56,16.37,,,,,,0,0,3.8,-6.9,3.6,4.6,5.4,5.2,,,,,,2.4,3.4,,
266,2020-02-10,7.1,-.3,205,13.8,1346,,,,,,,7.3,270,1607,5.1,270,1534,1.8,1566,-5.2,18,1502,45.5,4.3,1013.2,1027.3,2400,1021.8,1511,1023.9,10.8,9,1300,2.28,14.38,,,,,,.6,.6,5.7,-5.1,5.4,5.5,5.8,5.4,,,,,,2.5,3.6,,
266,2020-02-11,8.8,1.4,719,14.2,1459,,,,,,0,3,140,1635,2.2,140,1638,.7,647,-2.6,23,1405,46.6,5.3,1017.1,1030,909,1025.5,2341,1027.8,10.8,6,1100,1.86,11.18,,,,,,6.1,1.9,6.6,-3.8,6.3,6.2,6.3,6,,,,,,1.8,2.5,,
266,2020-02-12,10.4,8.9,229,12.2,1405,,,,,,21,6.3,270,2015,5.4,270,2025,1.6,1396,8.3,67,6,87.9,11.1,1006.7,1025.6,9,1013.3,1454,1017.2,10.8,0,1200,.49,2.55,,,,,,9.6,7.1,9.4,7.8,9.3,8.9,8,7.2,,,,,,.7,1,,
266,2020-02-13,10.6,7.5,2156,16.2,1508,,,,,,,5.1,270,1513,3.7,270,1415,1.4,1241,5.8,46,1511,74,9.2,1008,1020.3,2149,1016.2,1,1018.5,10.9,7.7,1300,1.95,13.11,,,,,,5.9,4.1,10.4,1.7,10.2,9.8,9,8.3,,,,,,1.8,2.6,,
266,2020-02-14,11.4,6.6,233,18.6,1445,,,,,,0,2.9,110,1624,2.1,160,1514,.6,559,3.2,23,1447,60.9,7.7,1009.3,1023,2223,1017.6,1437,1019.8,10.9,9.7,1200,2.46,15.87,,,,,,3.4,1.1,10.3,2.5,10.3,10,9.4,8.8,,,,,,2.9,4.1,,
266,2020-02-15,12.5,8.1,46,17.3,1300,,,,,,.5,6.3,50,414,4.6,50,755,2,1709,5.2,40,1300,62.1,8.9,1007.8,1022.9,712,1011.9,2359,1018.2,10.9,4.8,1200,2.54,11.36,,,,,,8.4,4.5,10.2,4.2,10.7,10.3,9.9,9.3,,,,,,2.1,3.1,,
266,2020-02-16,3.8,-.3,2300,11.2,6,,,,,,4,11.6,270,1413,7.7,270,1351,4.6,3959,-2,46,1529,66.5,5.7,1002.3,1017.1,2217,1008.4,456,1013.1,11,2.2,1200,1.62,8.49,,,,,,9.4,6,7,-1.4,6.9,8.1,9.6,9.3,,,,,,1.6,2.3,,
266,2020-02-17,-.9,-3.2,2305,2.9,1304,,,,,,.2,9.7,290,913,7.1,270,914,4.4,3805,-8.1,41,1055,58.4,3.3,1007,1022.1,2339,1015.6,1456,1018,11,6.3,1200,2.19,13.25,,,,,,7.5,4.1,2.7,-4.2,2.7,4.4,6.9,7.1,,,,,,1.7,2.4,,
266,2020-02-18,1.2,-3.2,415,7.6,1534,,,,,,0,9,290,758,7,290,807,4,3471,-10.6,20,1520,43.6,2.8,1014.8,1028.8,2253,1021.9,19,1025.8,11,10.2,1200,2.8,18.42,,,,,,.8,.8,3.3,-4.1,3,4.2,6,6.1,,,,,,2.8,3.9,,
266,2020-02-19,5.3,-1.8,525,12.2,1503,,,,,,,3.1,160,1529,2.6,140,1531,.9,759,-6.4,21,1248,43.4,3.8,1018.1,1030.4,1035,1027.3,1520,1028.9,11.1,9.3,1200,2.67,16.95,,,,,,5.6,1.5,5.7,-6.5,5.1,5.7,6.2,6.1,,,,,,2.4,3.4,,
266,2020-02-20,8.7,2.9,738,14.6,1407,,,,,,,3.6,70,1117,2.7,70,1118,.9,766,-4.2,20,1408,42.1,4.5,1022,1035.3,2214,1029.2,12,1032.7,11.1,10.1,1200,2.62,16.94,,,,,,2.5,.8,8.3,-2.1,7.8,7.7,7.6,7.1,,,,,,3.1,4.4,,
266,2020-02-21,9.3,2.9,738,15.1,1335,,,,,,1,5.3,160,1431,4,160,1441,1,839,.9,40,1022,57.9,6.8,1019.8,1035.6,108,1024.2,2343,1030.5,11.1,8.2,1300,2.63,15.7,,,,,,5,.8,9.2,-2.1,8.9,8.4,8.2,7.7,,,,,,2.6,3.8,,
266,2020-02-22,8.2,3,2353,12.9,1348,,,,,,.5,10.2,270,1227,8.5,270,1529,3.9,3399,-3.2,25,1414,48.1,5.2,1014.8,1029.5,2319,1021.7,356,1025.5,11.2,9.4,1200,2.63,16.41,,,,,,2.1,1,9.1,.7,8.9,9.3,9.3,8.7,,,,,,3.8,5.5,,
266,2020-02-23,5.8,1,659,12,1600,,,,,,,5,270,121,3.5,290,130,1.8,1586,-5.7,24,1400,44.4,4,1018.2,1032.1,919,1026.6,1622,1029,11.2,10.3,1200,2.86,18.78,,,,,,0,0,7.6,-1.8,6.7,7.4,8.3,8.1,,,,,,2.6,3.7,,
266,2020-02-24,9.6,1.9,417,16.3,1351,,,,,,.1,5.8,250,1433,4.7,230,1435,1,838,-1.6,22,1401,47.3,5.7,1014.1,1027.7,857,1021.7,2351,1024.7,11.2,7.3,1200,2.77,16.2,,,,,,4.1,2.5,8.7,-3.4,8.3,8.2,8.3,8,,,,,,2.5,3.5,,
266,2020-02-25,9.9,8.1,2346,11.5,1202,,,,,,13.5,7.7,70,2234,6,70,2239,1.2,996,8.7,67,43,92.8,11.3,1005.1,1021.7,1,1011.7,1537,1015.6,11.3,0,1100,.13,.84,,,,,,9.9,6.3,9.9,7.3,9.9,10,9.7,9,,,,,,.6,.9,,
266,2020-02-26,10.2,6.4,2349,15.2,1559,,,,,,0,7.4,50,301,6.1,290,2150,2.5,2140,4.1,55,1912,66.6,8.3,1011.1,1024.2,2348,1017.5,1,1021.7,11.3,3.4,1300,2.28,10.56,,,,,,4.8,4.5,10.8,3.6,10.6,10.3,9.8,9.3,,,,,,1.8,2.5,,
266,2020-02-27,7.8,3.9,529,12.1,1243,,,,,,,6.6,70,951,4.8,70,956,1.8,1563,.7,46,1415,61.4,6.4,1016.8,1029.5,2248,1024.1,8,1027.6,11.3,4.7,1200,2.41,13.16,,,,,,6.6,5.5,8.9,1.8,8.6,8.7,9.4,9.1,,,,,,1.9,2.7,,
266,2020-02-28,6.4,5.7,1751,8.5,1312,,,,,,.6,5.3,50,924,4.3,70,933,1.8,1588,1.2,55,1251,69.9,6.7,1012.7,1028.4,1,1019.2,2400,1023.4,11.4,0,1000,.35,2.4,,,,,,8.3,4.6,6.4,3.7,6.4,7.4,8.8,8.7,,,,,,.8,1.2,,
266,2020-02-29,9.1,6,7,12.9,1459,,,,,,0,7.5,50,1050,6.5,50,1055,1.7,1499,3,52,1412,66.5,7.6,1006.7,1019.3,1,1015,1450,1017.2,11.4,1.7,1400,1.16,8.14,,,,,,6.1,3.3,8.9,1.6,8.4,8.3,8.7,8.3,,,,,,1.3,1.8,,
266,2020-03-01,9.7,6,523,14.1,1320,,,,,,.2,6.9,290,2355,5,290,2251,1.4,1191,3.5,49,1322,66.3,7.9,1007.7,1019.5,626,1016.3,1504,1018.2,11.4,3.3,1000,1.92,10.47,,,,,,7.5,5.8,9.7,1.3,9.5,9.1,8.9,8.5,,,,,,2,2.8,,
266,2020-03-02,8.1,3.7,644,14,1514,,,,,,,7.4,270,1223,5.8,270,1224,2.9,2494,-5,19,1422,41.5,4.3,1011.3,1025.3,2345,1018.9,9,1021.9,11.5,9.4,1200,2.93,18.28,,,,,,3.9,.6,8.5,1.3,8.1,8.6,9.3,8.8,,,,,,3.5,5,,
266,2020-03-03,9.2,6.1,323,13.1,1529,,,,,,,5.6,50,734,4.6,50,722,1.6,1397,1.1,46,1510,57.3,6.6,1013.4,1026.4,843,1022.1,2356,1024,11.5,4.2,1200,2.03,11.82,,,,,,8.1,5.4,8.6,1.9,8.3,8.6,9.2,8.9,,,,,,1.9,2.7,,
266,2020-03-04,5.9,.7,2256,11.4,1343,,,,,,0,9.8,290,1634,7.4,290,1755,3.8,3271,-5.9,19,1507,44.8,4.2,1010.9,1024.4,2253,1019.3,1518,1021.7,11.6,9.4,1200,2.96,19.52,,,,,,5.9,2.9,9,.1,8.6,9.2,9.7,9.3,,,,,,3.5,5,,
266,2020-03-05,4.8,-.5,657,11.2,1536,,,,,,0,7.5,290,452,6.2,290,521,2.7,2375,-9.2,18,1516,37.8,3.1,1013.4,1026.7,811,1022,1531,1024.3,11.6,10.7,1200,3.02,20.75,,,,,,.5,.3,7.6,-2.8,6.5,7.6,8.8,8.5,,,,,,3.3,4.7,,
266,2020-03-06,6.8,-.1,716,13.8,1521,,,,,,,4,160,1345,2.7,140,1351,.9,801,-6.3,10,1522,42,3.9,1011.4,1024.6,916,1019.2,1651,1022.1,11.6,10.6,1200,2.99,20.83,,,,,,2.5,1,8.7,-5.8,7.5,8,8.8,8.5,,,,,,3.1,4.4,,
266,2020-03-07,6.7,4.9,818,9.4,1540,,,,,,6.5,4.7,50,1540,3.6,50,1549,.9,759,3.7,55,7,82,8.1,1007.3,1020.5,3,1015.2,1541,1017.9,11.7,0,1200,.76,3.93,,,,,,8,2.5,6.9,.5,6.6,7.8,8.9,8.7,,,,,,.7,1,,
266,2020-03-08,9.6,3.3,601,16.6,1610,,,,,,,5.1,70,1200,4.1,70,1218,1.2,1017,2.7,32,1544,65.9,7.5,1008.1,1021,941,1017.1,1610,1018.7,11.7,10.6,1200,3.02,20.6,,,,,,1.5,0,10.2,-.9,9.4,9.1,9,8.6,,,,,,3,4.2,,
266,2020-03-09,10.4,6.9,703,13.9,1240,,,,,,5,7.9,50,2352,6.9,50,2355,2.8,2435,6,59,1216,74.9,9.4,1002.8,1019.1,46,1006.7,2356,1013.2,11.7,0,1200,1.19,6.01,,,,,,8.9,3.6,9,2.5,9,9.1,9.5,9.1,,,,,,1.3,1.9,,
266,2020-03-10,8.2,4.2,2329,12.2,1355,,,,,,5.5,10.5,290,1437,8.1,290,1420,3.6,3068,3.9,54,2100,75.5,8.4,996.3,1013,2355,1003.3,1351,1006.8,11.8,.9,1300,2.03,5.48,,,,,,7,3.9,9.1,2.5,9.1,9.8,9.8,9.5,,,,,,1.6,2.3,,
266,2020-03-11,6.3,2.9,649,11.8,1520,,,,,,,7.7,270,921,5.8,270,1202,3.8,3277,-8.4,17,1237,36.3,3.3,1007.2,1022.9,2357,1013,1,1017.8,11.8,10.7,1200,3.2,22.54,,,,,,0,0,7.5,.2,7,7.7,8.7,8.5,,,,,,4.2,6,,
266,2020-03-12,8.1,.9,624,15.6,1534,,,,,,,4.4,250,1504,3.6,250,1611,1.1,935,-5.6,15,1420,39.4,4.1,1012.1,1024.7,1051,1020.8,1459,1022.7,11.8,10.5,1200,3.08,21.73,,,,,,1.4,0,8.9,-3.9,8.1,8.3,8.8,8.5,,,,,,4.2,6.1,,
266,2020-03-13,11,6.6,152,17.6,1507,,,,,,,7.7,290,2322,6.1,290,2343,2.5,2187,-3.3,23,2201,37.5,4.9,1008.8,1022.9,106,1016.2,1905,1019.3,11.9,8.4,1200,2.84,18.23,,,,,,8.5,5,11.1,1.8,11,10.4,9.9,9.5,,,,,,4.3,6.1,,
266,2020-03-14,6.4,1.1,659,11.4,1420,,,,,,,8.4,290,1258,5.9,290,1254,3.7,3200,-11.6,12,1427,28.9,2.6,1005.2,1018.2,838,1013.8,1546,1015.8,11.9,10.8,1200,3.25,22.98,,,,,,2.8,1.6,9.2,-.2,8.8,9.4,10.1,9.8,,,,,,4.5,6.5,,
266,2020-03-15,7.4,2.3,2318,14,1334,,,,,,,11.1,290,1400,8.8,270,1530,3.5,3064,-6.3,20,1124,39.5,3.9,1001.9,1017.2,2357,1008.5,1352,1012.4,12,8.4,1100,2.79,17.25,,,,,,3.8,2.5,8.6,-2.3,8.2,8.4,9.5,9.3,,,,,,4,5.7,,
266,2020-03-16,6.2,.3,653,12.5,1517,,,,,,,7.1,290,54,4.9,290,152,2.2,1894,-8.1,12,1359,37,3.4,1011.2,1024.7,1005,1017.1,56,1022,12,10.4,1200,3.2,22.18,,,,,,2.1,0,9.2,-2.6,8.5,8.6,9.2,8.9,,,,,,3.8,5.4,,
266,2020-03-17,10.4,2.2,542,19.6,1429,,,,,,,12.2,270,1530,9.2,270,1529,3,2588,-2.3,18,1602,43.5,5.3,1006.6,1021.8,1,1012.8,1519,1017.1,12,10.6,1200,3.04,21.42,,,,,,1.3,0,10.8,-2.6,10.6,10,9.9,9.4,,,,,,4.6,6.6,,
266,2020-03-18,12.1,5.3,536,19.4,1554,,,,,,,4.4,140,1442,3.3,180,1412,1.1,976,1.2,17,1549,52.4,6.9,1004.7,1018.1,855,1012.9,1547,1015.1,12.1,10.8,1200,3.13,22.09,,,,,,.8,0,13,.2,12.6,11.9,11,10.3,,,,,,4,5.7,,
266,2020-03-19,11.4,6.7,2237,18.5,1127,,,,,,,13,270,1600,10.7,270,1605,3.9,3342,-.7,14,1558,49.4,6.8,999.4,1014.7,2400,1005.5,1355,1009.8,12.1,9.6,1300,3.02,19.7,,,,,,2.6,1.5,12.8,4.2,12.4,12.2,11.9,11.3,,,,,,5.1,7.2,,
266,2020-03-20,10.7,5.1,636,17.2,1502,,,,,,,7.6,270,1134,4.8,270,1140,2.4,2113,-5.5,15,1155,33.3,4.1,1004.9,1017.1,941,1013.5,1632,1015.4,12.1,10.6,1200,3.17,22.66,,,,,,0,0,12.2,.5,11.9,11.5,11.4,11,,,,,,4.7,6.7,,
266,2020-03-21,13.8,6.8,456,21.5,1431,,,,,,,4.6,230,1026,3.5,230,1051,1.2,1068,4.8,39,1116,55.5,9,1003.3,1016.1,822,1011.1,1627,1013.6,12.2,10.3,1200,2.92,20.39,,,,,,1.1,.8,14.2,2,14,13.1,12,11.5,,,,,,3.3,4.7,,
266,2020-03-22,15.4,10.3,2351,22.5,1403,,,,,,,6.2,270,2054,5.7,270,2059,1.9,1642,7.3,35,2304,60.4,10.6,1002.1,1015.8,2351,1010,422,1012.3,12.2,9.1,1300,2.86,19.34,,,,,,2.5,0,16.6,8.1,16.5,15.4,13.8,12.9,,,,,,3.7,5.3,,
266,2020-03-23,13.3,6.5,632,19.9,1447,,,,,,,9.8,270,1202,7.2,270,1211,2.5,2200,-5.5,15,1142,28.9,4.1,1006.6,1019.2,807,1014.8,1601,1016.9,12.2,11.2,1200,3.18,23.04,,,,,,0,0,14.5,1.4,14.3,13.9,13.7,13.1,,,,,,5.4,7.7,,
266,2020-03-24,11.9,6.7,626,18.4,1439,,,,,,,4.3,160,1525,3.8,290,2,1.1,970,.4,26,1355,47.1,6.4,1010.2,1022.7,2245,1017.8,1,1020.6,12.3,10.9,1200,3.13,22.23,,,,,,0,0,14.8,2,14.2,13.9,13.6,13,,,,,,3.5,5,,
266,2020-03-25,13.5,7.5,631,19.6,1415,,,,,,,4.2,160,1540,3,70,1055,1,869,1.5,15,1732,47.4,6.9,1011,1023.6,1023,1019.7,1722,1021.4,12.3,10.7,1200,3.14,22.74,,,,,,2.8,2,16,3.5,15.5,14.7,14,13.3,,,,,,3.6,5.2,,
266,2020-03-26,12.7,9.7,447,14.4,1823,,,,,,23,4.9,50,1120,3.7,70,1023,1,833,10.7,53,1,88.9,13,1006.2,1020.6,149,1012.3,2348,1016.6,12.4,0,1100,.23,1.7,,,,,,10,4.8,12.9,9.3,12.9,13.3,13.8,13.4,,,,,,.5,.7,,
266,2020-03-27,14,7.4,2313,21.5,1310,,,,,,1,8.2,290,1545,6.5,290,1551,2,1723,9,45,1848,74,12.3,1001.5,1017.9,2254,1008.7,608,1011.7,12.4,6.3,1200,2.89,16.04,,,,,,7.5,4.1,16,6.4,15.7,15.5,14.4,13.7,,,,,,2.8,4,,
266,2020-03-28,9.4,6.8,458,12.1,1302,,,,,,,4,50,954,3.2,50,1215,1.2,1000,-.9,33,1134,49.6,5.8,1008.8,1020.8,2357,1017.4,1520,1019.3,12.4,0,1100,1.12,7.97,,,,,,9.3,4.5,10.5,4.8,10.3,11.3,13.1,13,,,,,,1.8,2.6,,
266,2020-03-29,10.7,5.9,549,16,1353,,,,,,,5.6,50,1045,4.3,50,947,1.8,1583,1.7,35,1158,55.1,6.9,1010.8,1023.1,924,1019.5,1420,1021.3,12.5,8.5,1200,3.19,21.83,,,,,,5.8,2,13,3,12.6,12.3,12.3,12,,,,,,3.4,4.8,,
266,2020-03-30,12.4,8.9,618,17.7,1349,,,,,,,3.8,160,1151,2.8,110,1729,1.4,1249,3.7,33,1416,57,8,1009.9,1021.8,811,1017.8,1555,1020.3,12.5,11,1100,2.89,21.43,,,,,,5.5,1,14.9,7.4,14.5,14.3,13.7,13.1,,,,,,3.4,4.9,,
266,2020-03-31,13.3,7.3,632,20.5,1513,,,,,,,3.9,180,1430,3,180,1436,1,885,4.5,28,1503,58.5,8.5,1006.4,1021,53,1013.7,1643,1016.7,12.5,10.8,1100,3.11,22.35,,,,,,3.4,.8,15.6,2.5,15,14.6,14.1,13.5,,,,,,3.7,5.3,,
266,2020-04-01,12.2,7.5,2345,20.6,1519,,.3,341,.5,509,1,9.7,290,2009,6.6,270,2014,2.8,2456,-1,21,2040,44.1,6.2,1003,1017.4,2301,1010.7,1517,1013.3,12.6,6.3,1200,3.11,16.79,,,,,,4.9,2.8,13.7,4.4,13.8,14.1,14.4,13.9,,,,,,4.6,6.6,,
266,2020-04-02,11.3,4.4,527,17.7,1449,,,,,,,4.5,290,50,4,290,304,1.6,1356,-3.3,21,1217,36.9,4.8,1011.2,1023.8,1141,1017.4,1,1021.7,12.6,10.6,1200,3.2,23.07,,,,,,2.8,1.4,13.8,1,13.3,13.3,13.4,13.1,,,,,,4,5.7,,
266,2020-04-03,13.2,6.7,549,20.9,1336,,,,,,,5.8,290,1956,4.8,290,1913,1.7,1429,-5.4,10,1348,28.8,4.1,1009.9,1022.8,846,1017.1,1605,1020.3,12.7,11.4,1200,3.28,24.07,,,,,,1.4,.6,15.3,2.1,14.7,14.5,14.1,13.6,,,,,,6,8.6,,
266,2020-04-04,12.1,5.8,2359,21.9,1508,,,,,,,8.6,270,1847,7.5,290,2012,3.4,2960,-4.8,10,1546,31.9,4.4,1008.2,1021.2,2358,1014.5,1531,1018.6,12.7,11.7,1200,3.34,24.93,,,,,,0,0,14.7,3.9,14.3,14.4,14.3,13.9,,,,,,6.5,9.3,,
266,2020-04-05,9.4,3.4,601,16.1,1514,,,,,,,6.2,90,1542,4.3,290,2024,1.8,1530,-8.3,13,1322,28.9,3.3,1011,1023.5,944,1018.6,1557,1021.6,12.7,11.6,1200,3.48,26.26,,,,,,.5,0,14.3,.5,13.3,13.5,14,13.5,,,,,,5.1,7.2,,
266,2020-04-06,10.9,3.3,530,18.2,1434,,,,,,,3.6,110,1323,2.9,270,2049,1.2,1033,-5,12,1341,34.5,4.3,1009.6,1022.7,718,1017,1655,1020.1,12.8,9.7,1200,3.38,24.14,,,,,,4.8,.9,15,-1.3,14,13.9,14,13.5,,,,,,4.3,6.1,,
266,2020-04-07,14.7,8,641,22.5,1528,,,,,,,7.7,270,1310,5.8,270,1323,1.9,1640,-4.7,16,926,27.3,4.5,1005.4,1017.6,1,1013.2,1612,1015.7,12.8,11.1,1100,3.17,23.67,,,,,,1.6,.4,16.5,5,16,15.6,14.8,14.2,,,,,,5.6,8.1,,
266,2020-04-08,13,8.6,2358,19.3,1607,,,,,,,7.4,290,1426,6.2,290,2219,3.1,2687,-9.2,11,1355,23.5,3.3,1007.1,1021.1,2400,1015.2,415,1017.5,12.8,11.5,1200,3.28,24.43,,,,,,1.6,.5,16.3,5.7,15.6,15.5,15.3,14.6,,,,,,6.8,9.7,,
266,2020-04-09,12.2,5.8,519,18.3,1501,,,,,,,6.9,270,1403,5.8,270,1418,2.3,1982,-7.7,11,1225,25.9,3.5,1010.8,1023.9,2345,1019.2,1554,1021.2,12.9,10.5,1200,3.32,23.57,,,,,,2.9,2.5,16.4,3.6,15,14.8,14.9,14.4,,,,,,5.4,7.8,,
266,2020-04-10,10.2,9.1,2229,12.2,1342,,0,,0,,0,5.3,50,843,3.9,50,517,1.9,1628,2.5,37,2,59.1,7.3,1014.6,1027.3,1037,1023.7,258,1025.2,12.9,0,1000,1.12,6.15,,,,,,8.6,7.9,12.2,7,12.1,13.2,14.4,14.2,,,,,,1.2,1.7,,
266,2020-04-11,8.7,6.8,2233,12.8,1220,,.5,1446,1.5,1845,6.5,4.6,360,2138,3.4,20,2142,1.3,1111,5.5,48,1255,81.4,9.1,1009.5,1024.8,1,1016.2,2400,1020,12.9,0,1200,1.59,8.03,,,,,,9.5,5.4,11,6.4,10.8,12.2,13.4,13.2,,,,,,1.4,2,,
266,2020-04-12,9.3,6.7,16,12.1,1559,,.2,,.5,8,1.5,6.8,50,1133,5,50,1134,2.2,1864,2.9,45,1935,65,7.6,1001.4,1016.2,1,1009.8,1716,1011.8,13,.7,1400,1.18,8.45,,,,,,6.5,3,11,5.4,10.3,11,12.3,12.3,,,,,,1.7,2.4,,
266,2020-04-13,11.5,5.2,644,17.1,1526,,,,,,,5.5,70,935,4.4,290,2056,1.7,1507,-1.7,16,1639,41.8,5.4,1002.1,1016.6,2323,1010.2,313,1012.5,13,9.1,1400,3.12,21.49,,,,,,2.1,.6,12.8,2,12.4,11.9,12.1,11.8,,,,,,3.9,5.6,,
266,2020-04-14,15.3,6.6,507,23.8,1421,,,,,,,6.6,270,1354,4.9,250,1358,1.5,1290,-3.7,8,1236,30.8,4.8,1005.9,1018.3,712,1013.6,1715,1016.2,13,11.8,1200,3.53,26.27,,,,,,2.4,0,15.9,1.4,15.3,14.6,13.6,12.9,,,,,,6.3,9,,
266,2020-04-15,14,9.6,2357,20.5,1343,,,,,,,3.9,180,1430,2.9,180,1445,1,904,-4.6,11,1514,29.5,4.5,1004.3,1016.2,2341,1012.7,1511,1014.6,13.1,7.3,1100,3.14,20.36,,,,,,7.3,.9,15.4,5.6,15.1,15.1,14.6,14,,,,,,4.1,5.8,,
266,2020-04-16,13.5,8.6,521,19.5,1327,,,,,,,4.7,70,2156,3.6,70,2205,1.6,1346,4,35,1158,53.8,8.2,1008.2,1020.2,956,1016.2,1,1018.6,13.1,11.7,1200,3.3,25.33,,,,,,3.5,1.1,17.4,3.6,16.6,16,15.1,14.5,,,,,,3.9,5.5,,
266,2020-04-17,11.3,9.8,630,12.9,1815,,1.5,1110,4.5,1108,23,5.7,70,228,4,90,1349,1.1,953,9.2,67,526,87.4,11.7,1004,1019.7,2,1010.4,1812,1014.5,13.1,0,1300,.47,2.39,,,,,,8.5,4.9,12.3,7.9,12.4,13.2,14.5,14.4,,,,,,.9,1.3,,
266,2020-04-18,14.7,9,217,21.8,1504,,,,,,,5.5,290,938,4.3,270,447,1.9,1615,7.1,34,1634,63.4,10.1,1005.3,1019.3,2336,1011.5,127,1015.6,13.2,11.7,1300,3.3,26.25,,,,,,3.3,1.8,16.6,6.3,15.9,15.4,14.4,13.8,,,,,,4.2,5.9,,
266,2020-04-19,11.5,9.9,1737,13.6,914,,1,1402,4.5,1551,22,9.8,50,2156,7.1,50,2158,3.6,3069,8.1,63,241,80.8,10.8,1002.9,1019.4,40,1006.2,2210,1013.3,13.2,0,1100,.51,3.72,,,,,,8.4,3.3,11.8,9.4,12,13,14.3,14.1,,,,,,1.2,1.7,,
266,2020-04-20,13.5,9.3,556,20.3,1437,,0,,0,,0,8.8,270,1814,6.8,270,1816,3,2575,5.9,40,1438,61.6,9.4,1001,1014.6,2329,1007.2,21,1011.3,13.3,10.3,1200,3.4,24.27,,,,,,7.4,2.5,16.5,6.3,15.8,15,14,13.6,,,,,,4.5,6.4,,
266,2020-04-21,11.1,6.5,2400,17.8,1240,,,,,,,12.1,290,1447,7.6,270,1326,3.2,2733,-5.9,13,1448,32.9,4.1,1005.2,1018.3,2153,1012.5,1535,1015.6,13.3,10.8,1200,3.59,27.06,,,,,,5.9,2.1,13.2,4.8,13.4,14,14.6,14.2,,,,,,5.8,8.4,,
266,2020-04-22,8.7,4.3,334,15.2,1438,,,,,,,11.4,290,1047,8.3,290,1054,3.4,2908,-6.4,18,1347,35.3,3.8,1006.3,1018.8,629,1013.5,1525,1016.9,13.3,11.4,1100,3.54,27.57,,,,,,1.9,.5,11.7,.8,11.9,12.5,13.7,13.5,,,,,,5.4,7.7,,
266,2020-04-23,9.6,4.1,601,16.2,1542,,,,,,,9,290,1356,7.3,290,1359,3.3,2812,-4.6,17,1407,39.6,4.4,1006.4,1018.3,723,1014.4,1537,1016.9,13.3,12,1200,3.52,27.39,,,,,,2.1,.8,12.7,2.6,12.6,12.8,13.4,13.2,,,,,,5.1,7.3,,
266,2020-04-24,11.4,4.3,517,18.9,1444,,,,,,,7.5,290,1613,5.5,270,1546,2.1,1808,-5.6,13,1519,33,4.2,1006.4,1018.2,746,1013.9,1633,1016.9,13.4,12.5,1200,3.51,28.11,,,,,,0,0,14.4,-.2,13.9,13.9,13.9,13.6,,,,,,5.6,8.1,,
266,2020-04-25,15.1,8,550,22.4,1504,,,,,,,8,270,2214,6.1,250,1425,2.8,2410,4.9,28,1411,52.8,8.7,1003.1,1017.9,1,1009.8,1623,1013.4,13.4,11.9,1200,3.37,26.29,,,,,,0,0,17.1,3.9,16.5,15.9,14.9,14.3,,,,,,5.4,7.7,,
266,2020-04-26,14.8,8,613,21.4,1543,,,,,,,6,270,1159,4.7,270,1204,2,1723,-1,14,1508,37.6,5.8,1006.3,1019.8,2342,1014,3,1016.6,13.5,12.3,1200,3.55,27.79,,,,,,3.3,1,18.2,6.3,17.7,17.2,16.1,15.4,,,,,,5.5,7.9,,
266,2020-04-27,14.6,8.5,512,21.4,1425,,,,,,,6.5,270,1037,4.8,270,1047,1.8,1587,-3.3,14,1525,30.8,4.9,1009.3,1021.4,905,1017.2,1632,1019.7,13.5,12.1,1100,3.46,26.51,,,,,,1.5,1.4,17.9,4.6,17.8,17.7,16.9,16.2,,,,,,6.1,8.8,,
266,2020-04-28,15.6,8.4,238,23.1,1532,,,,,,,7,290,1206,5,270,1351,2.2,1923,-3.8,13,1329,28,4.7,1010.3,1023.2,945,1017.6,1643,1020.6,13.5,12.5,1200,3.57,27.86,,,,,,0,0,19.2,3.8,17.9,17.7,16.9,16.3,,,,,,6.7,9.6,,
266,2020-04-29,16.5,10,412,24,1444,,,,,,,5.1,180,1513,3.4,180,1638,1.5,1273,-.2,18,1254,33.8,6,1009.4,1021.5,923,1017.9,1523,1019.6,13.5,12.5,1200,3.48,27.64,,,,,,.1,.1,20.7,5.9,19.3,18.7,17.6,16.9,,,,,,5.9,8.5,,
266,2020-04-30,17.9,10.6,505,24,1446,,,,,,,6.7,230,1529,4.5,230,1532,1.6,1342,8.7,32,55,56.3,11.8,1007.5,1020.2,1,1015.2,1724,1017.7,13.6,11.3,1100,3.53,26.7,,,,,,3.1,2.4,22.5,5.2,20.7,19.7,18.4,17.5,,,,,,4.4,6.3,,
266,2020-05-01,20.2,16.4,518,26.5,1410,,,,,,,5.9,230,1717,4.1,250,1429,1.6,1412,14.7,51,1420,72.3,16.8,1005.2,1017.1,1002,1013.2,1655,1015.2,13.6,7.1,1200,3.47,20.4,,,,,,5.1,3,23.9,15.4,23.2,22.3,20,19,,,,,,3.9,5.6,,
266,2020-05-02,19.6,16.1,528,25.6,1111,,.5,2211,1,2140,1.5,4.1,230,1244,2.6,230,1421,1.1,923,14.9,46,1117,75.8,17,1002.6,1015,1,1010.7,2356,1012.7,13.6,4.6,900,2.43,14.01,,,,,,8.5,3.3,22.5,13.3,21.5,21.2,20.3,19.5,,,,,,2.2,3.1,,
266,2020-05-03,16.9,15.9,455,17.6,1519,,6,936,19,851,58,6.8,50,849,4.5,70,822,2,1711,15.4,81,10,91.8,17.5,996.6,1010.7,1,1004.6,1552,1006.7,13.7,0,1100,.55,3.59,,,,,,8.8,5.6,17.6,15.8,17.7,18.3,18.8,18.4,,,,,,1.1,1.6,,
266,2020-05-04,21.7,16.1,539,29.3,1430,,,,,,,6.6,290,1610,5.4,290,1542,1.4,1221,15,43,1436,68.3,17.1,997.4,1010.3,2354,1005.1,304,1007.3,13.7,11.6,1200,3.17,25.05,,,,,,4.6,1.9,23.3,14,22.8,21.6,19.6,18.6,,,,,,4.5,6.4,,
266,2020-05-05,17.6,15.6,2357,20.6,1500,,0,,0,,0,3.9,70,18,2.9,70,20,1.4,1208,13.8,66,1501,79,15.8,1001.6,1012.9,905,1010.2,1925,1011.7,13.7,.8,1400,1.7,8.81,,,,,,9.3,4.9,20,15,19.7,19.4,19.6,19.1,,,,,,1.8,2.5,,
266,2020-05-06,19.7,14.7,533,26.4,1350,,,,,,,6.8,70,1102,5.5,70,1026,1.5,1302,11.4,31,1135,61.9,13.6,1002.8,1016.4,2237,1010.6,1534,1012.9,13.8,12.4,1200,3.54,28.07,,,,,,3.5,2,22.6,12.4,22,21,19.8,19,,,,,,6.2,8.9,,
266,2020-05-07,17.9,13.7,541,23.1,1422,,,,,,,8.3,70,1114,6,50,945,3.6,3088,2.2,24,1228,35.8,7.2,1007.6,1019.4,733,1016,19,1017.7,13.8,12.6,1100,3.47,28.13,,,,,,2,.1,19.8,12.4,20,19.9,19.9,19.3,,,,,,6.8,9.7,,
266,2020-05-08,17.5,12.8,341,22.5,1425,,.2,,.2,,.2,5,50,27,4.1,50,111,2,1714,6.4,26,446,50.5,10.5,1005.7,1018.6,40,1013.5,2350,1015.9,13.8,5.7,1300,2.58,19.04,,,,,,7,3.9,19.8,10.4,19.6,19.2,19.1,18.7,,,,,,2.9,4.1,,
266,2020-05-09,16.5,14.7,2328,18.6,1659,,2.5,423,10,625,73,5.3,140,444,4.2,110,535,2.1,1794,15,78,52,91,17.1,997.3,1013.5,1,1004.2,1635,1007.4,13.8,.1,1200,.43,2.99,,,,,,9.6,5.8,17.1,14.7,17.3,17.9,18.5,18.3,,,,,,.9,1.3,,
266,2020-05-10,17.4,13.4,258,23.4,1333,,0,,0,,0,7.9,270,1839,5.8,270,1818,3,2577,11.2,50,1702,68.1,13.4,997.1,1010.5,2335,1005.7,1534,1007.2,13.9,7.2,1300,3.42,21.35,,,,,,5.4,3.9,19.3,13.2,19.1,19,18.5,18,,,,,,4.5,6.4,,
266,2020-05-11,20.8,13.1,116,27.7,1457,,,,,,,7,270,1328,5.1,290,1336,1.8,1593,8,16,1329,47.3,10.8,998.4,1011.5,635,1005.6,1826,1008.4,13.9,12.7,1200,3.63,28.94,,,,,,2,.6,21.2,9.6,20.7,20,19.2,18.6,,,,,,6.6,9.5,,
266,2020-05-12,18.3,13.1,2359,24.1,1540,,,,,,,8.4,270,1748,5.7,250,1344,3.2,2726,6.7,31,2011,47.8,9.9,996.4,1011.7,2356,1003.6,1515,1006.5,13.9,12.5,1200,3.43,27.28,,,,,,.5,0,20.1,11.1,19.7,19.9,19.9,19.3,,,,,,5.7,8.2,,
266,2020-05-13,18.4,11.1,451,25.3,1528,,,,,,,5.9,270,1249,4,270,1343,1.9,1652,3.6,22,1207,40.1,7.9,1005.9,1018.7,2307,1011.7,1,1016.1,14,12.8,1200,3.65,29.57,,,,,,.1,0,21,8.7,20.4,20.1,19.7,19.1,,,,,,6.2,8.8,,
266,2020-05-14,19.6,13.6,445,25.6,1511,,0,,0,,0,3.1,90,1332,2.4,160,1525,.7,589,4.6,15,1504,39.3,8.6,1007,1019.7,712,1015.2,1624,1017.1,14,7.1,1100,2.66,20.85,,,,,,6.8,3.1,21.2,9.5,20.6,20.2,20,19.5,,,,,,3.8,5.5,,
266,2020-05-15,16.2,15,1201,18.7,147,,2,757,9.5,1031,29.5,5.5,70,1333,4.1,70,1242,1.9,1616,13.6,57,3,85.3,15.6,1000.2,1015.4,1,1007.9,1631,1010.4,14,0,1400,.28,1.92,,,,,,9.8,6,16.9,14.7,17.1,17.9,19.1,19,,,,,,.6,.9,,
266,2020-05-16,19.6,15.4,101,25.9,1615,,.5,254,.5,204,.5,3.2,140,1400,2.1,140,1401,.7,571,16,55,1611,81.3,18.2,996.1,1008.9,1,1003.7,1629,1006.2,14,4.4,1200,2.85,17.06,,,,,,6.6,3.8,20.5,14.4,20.6,20.4,19.3,18.7,,,,,,2.8,4.1,,
266,2020-05-17,19.2,16.1,2356,23.7,1517,,,,,,,3.1,110,1157,2.2,90,1125,1.1,967,15.3,60,1347,79.5,17.4,996.2,1007.7,744,1004.8,1755,1006.1,14.1,5.6,1300,3.15,19.62,,,,,,7.1,5,22.5,14.8,22.1,21.6,20.6,19.8,,,,,,3,4.2,,
266,2020-05-18,17.6,15.1,2357,21,1251,,5,2120,8.5,2030,10.5,8.8,290,2251,7.4,290,2258,1.8,1536,14.5,64,2350,83,16.6,991.1,1005.5,1,997.4,2008,1001.1,14.1,.1,1100,1.83,6.9,,,,,,7.8,5.1,19,13.3,19,19.6,20.2,19.6,,,,,,1.9,2.7,,
266,2020-05-19,14.6,12.1,516,18.8,1415,,1,1249,1,1159,1,8.5,270,1346,6.6,270,1355,3,2555,8.4,51,1415,66.9,11,990.9,1006.8,2355,997.8,1411,1001,14.1,6.3,1300,2.94,16.95,,,,,,5.5,1.9,17.2,10.1,16.7,17.5,18.5,18.4,,,,,,3,4.2,,
266,2020-05-20,16.6,11.2,527,22,1256,,,,,,,4.9,270,22,3.7,290,30,1.5,1287,10.1,42,1238,67,12.4,1000.2,1014.4,2312,1006.6,18,1010.4,14.1,6.9,1000,3.24,18.61,,,,,,4.6,3.4,18.2,7.8,17.8,18.1,18.3,18,,,,,,2.8,4,,
266,2020-05-21,16.3,14,356,20.4,1228,,,,,,,3.1,70,1020,2.4,140,1414,1.1,973,10.7,53,1232,70.5,12.9,1005.4,1017.1,2157,1013.9,150,1015.7,14.1,1,1300,2.24,15.14,,,,,,8.6,7.1,19,11.8,18.8,19,18.9,18.5,,,,,,2.8,4,,
266,2020-05-22,17.2,12.9,518,22.2,1408,,,,,,,5.1,50,604,3.5,50,903,2.2,1880,10,41,1621,64.8,12.3,1004,1016.6,1,1012,1926,1014.2,14.2,11.4,1300,3.4,25.77,,,,,,3.3,1,20.5,11,20.3,19.9,19.3,18.8,,,,,,4.3,6.1,,
266,2020-05-23,18.2,12.3,507,24.6,1344,,,,,,,4.7,50,810,3.5,70,820,1.3,1087,11.6,41,1311,67.3,13.7,1002.3,1014,24,1010.1,1706,1012.4,14.2,12.7,1200,3.54,28.33,,,,,,1.5,0,22.3,7.5,21.8,21.2,20.1,19.5,,,,,,4.5,6.5,,
266,2020-05-24,19.5,14.6,453,25.6,1222,,.1,,.2,,.2,5.1,270,1410,3.3,230,1137,1.2,1037,15.1,52,1210,77.1,17.2,1000.7,1012.5,1,1009.3,1346,1010.8,14.2,5.6,1100,3.3,17.76,,,,,,6.5,2.5,21.6,10.2,21.4,21.3,20.8,20.2,,,,,,2.8,4,,
266,2020-05-25,20.1,15.5,544,24.6,1520,,,,,,,2.9,290,16,2.2,290,18,.8,658,13.4,46,1532,67,15.4,1000.9,1012.3,714,1009.4,1744,1010.9,14.2,3.2,1100,2.84,16,,,,,,9.4,5.4,22.2,11.7,21.7,21.3,20.8,20.2,,,,,,2.6,3.8,,
266,2020-05-26,19.8,16.8,252,25.2,1523,,0,,0,,0,4,250,1531,3,230,1604,.9,751,12.9,48,1644,65.3,15,998.6,1010.7,1,1006.2,1655,1008.6,14.3,4.5,1300,2.87,15.52,,,,,,7.6,1.6,21.4,13.9,21.9,21.6,20.9,20.2,,,,,,3.4,4.9,,
266,2020-05-27,20.7,15.5,506,26.3,1451,,,,,,,4.3,140,1535,3.1,180,1600,1.1,941,10.6,32,1441,54.9,12.8,998.3,1009.8,837,1006.8,1644,1008.3,14.3,11.5,1100,3.41,26.4,,,,,,5.8,.8,24.3,11.7,23.9,23.3,21.7,20.8,,,,,,5,7.1,,
266,2020-05-28,20.6,14.3,501,26.8,1430,,,,,,,5.4,230,1527,4.3,290,2121,1.7,1464,9.6,25,1139,51.8,12.1,999.1,1011.2,2332,,1403,1009.1,14.3,12.4,1200,3.6,28.33,,,,,,1.9,.1,25.6,8.8,,,,,,,,,,5.8,8.3,,
266,2020-05-29,20.7,14.7,500,27.1,1339,,,,,,,3.2,160,1133,2.4,230,1821,1,886,11.3,31,1329,56.5,13.4,1004.7,1017.9,2246,1011.1,1,1014.7,14.3,11.9,1200,3.42,26.34,,,,,,4.8,.4,26.2,9.7,25.2,24.7,23.2,22.3,,,,,,4.5,6.4,,
266,2020-05-30,20.8,16.9,506,25.1,1427,,,,,,,4.7,90,1415,3.3,90,1416,1.5,1277,9.9,34,1428,51.3,12.3,1006.9,1018.8,828,1015.4,1712,1017,14.3,.6,1300,1.81,14.55,,,,,,9.6,3.9,22.9,14,22.8,22.9,22.8,22.2,,,,,,3.3,4.7,,
266,2020-05-31,19.4,15.1,514,24.2,1436,,.4,413,1.7,336,2.5,3.4,70,1224,2.6,70,1110,.9,776,13.9,48,1,71.6,16,1002.4,1016,13,1010.3,1836,1012.5,14.3,.6,1400,2.1,14.69,,,,,,8.4,6.3,22.6,15.5,22.6,22.3,22.1,21.6,,,,,,2.7,3.9,,
266,2020-06-01,22.1,17.7,529,28,1338,,,,,,,6.4,290,1610,4.6,290,1543,1.9,1633,10.5,26,1754,51.9,13.2,999.7,1011.2,739,1007.6,1706,1009.6,14.4,11,1300,3.47,27.89,,,,,,4.3,1.6,27.4,13.2,25.9,25.3,23.3,22.3,,,,,,6.1,8.8,,
266,2020-06-02,21.1,14.5,419,28.4,1408,,,,,,,3.6,160,1640,2.5,230,1705,.9,789,8.7,23,1058,47.4,11.3,998.3,1010.8,53,1006,1701,1008.2,14.4,10.9,1100,3.52,28.21,,,,,,4,1.5,27.2,9.1,25.4,25.1,23.9,23,,,,,,5.7,8.1,,
266,2020-06-03,21.4,17.1,122,25.7,1610,,,,,,,3.7,230,1626,2.7,230,1633,.8,692,16,62,1305,72.3,18.4,995.2,1007.2,9,1003.4,1724,1005.1,14.4,1.7,1200,1.78,12.88,,,,,,8.4,4.4,24.1,14,23.7,24,23.6,23,,,,,,2.6,3.7,,
266,2020-06-04,24.5,19.5,544,31.2,1515,,,,,,,4.9,160,1144,4.1,140,1146,1.7,1510,18.6,47,1516,71.8,21.4,994.6,1006.5,2344,1003,1637,1004.4,14.4,12,1200,3.45,27.93,,,,,,4.5,1.3,30.6,17.5,28.6,27.7,25,23.9,,,,,,5.3,7.6,,
266,2020-06-05,24.8,20.1,504,31.4,1306,,,,,,,3.8,290,154,2.9,290,202,1,875,18,47,1243,66.9,20.6,996.8,1008.1,2232,1005.7,256,1006.6,14.4,9.6,1200,3.09,21.53,,,,,,7.1,.4,29.7,16.5,28.3,27.7,25.9,24.8,,,,,,3.7,5.2,,
266,2020-06-06,22.2,19.2,437,28.9,1502,,.8,1858,1,1858,1,4.6,50,956,3.6,270,1903,1.7,1434,17.3,49,1238,75.8,19.8,999.2,1012,2253,1007,1510,1009.2,14.4,6.1,1200,3.11,20.14,,,,,,8.5,5.3,28.3,19,27.1,27.1,26.1,25.2,,,,,,4.1,5.8,,
266,2020-06-07,23.1,18.6,554,28.8,1259,,,,,,,3.6,180,1512,2.8,180,1050,.8,718,14.7,33,956,61.8,16.8,1002.3,1013.6,2349,1010.8,1424,1012.2,14.4,11.5,1200,3.41,27.02,,,,,,1.5,1,30,16.3,28.1,27.7,26.3,25.3,,,,,,5.3,7.6,,
266,2020-06-08,24.4,17.7,519,31.7,1437,,,,,,,3.5,110,1336,2.5,70,1115,.8,708,12.8,28,1508,51.3,14.9,1005.1,1016.6,2241,1013.6,15,1014.9,14.5,12.7,1200,3.49,28.73,,,,,,.3,.1,31.3,13.7,28.9,28.4,26.8,25.7,,,,,,5.7,8.2,,
266,2020-06-09,25.7,18.3,527,32.8,1326,,,,,,,4.4,140,1528,3.1,230,1658,.9,763,14.1,33,1148,50.5,16.3,1005,1016.5,1,1013.5,1617,1014.9,14.5,12.3,1300,3.48,28.61,,,,,,2.4,.1,32.6,12.8,29.7,29.1,27.3,26.2,,,,,,5.8,8.3,,
266,2020-06-10,25.4,20.9,511,32.1,1324,,1.5,2226,2,2147,2,4,160,1237,2.7,180,1239,.9,804,18,39,1235,65.6,20.7,999.7,1014.6,1,1006.3,2358,1009.6,14.5,9.2,1200,3.44,23.77,,,,,,6.3,2,32.7,18,31.1,30,28.2,27.1,,,,,,4.3,6.2,,
266,2020-06-11,24.8,21.5,1,29.4,1426,,1,52,2.5,22,5,3.7,90,1521,2.4,70,1529,.7,618,21.6,65,1426,83.1,25.8,993.6,1006.3,1,1001.6,1515,1003.4,14.5,1.5,1200,2.63,14.42,,,,,,8.4,5.3,27.5,22.4,27.8,27.7,27.3,26.6,,,,,,2.5,3.5,,
266,2020-06-12,24.4,21.8,2314,30.1,1258,,2,2230,7.5,2229,11,3.9,160,1426,2.9,180,1427,1.1,946,20.7,58,1302,81.5,24.5,995.3,1006.8,1028,1003.6,1625,1005.1,14.5,4.2,1200,3.25,16.52,,,,,,8.3,5.9,29,21.9,28.6,28.2,27,26.2,,,,,,3,4.3,,
266,2020-06-13,22.6,21.5,216,24.5,1339,,9,27,31,1,99.5,3.6,290,424,2.4,290,430,.7,635,21.1,84,1547,92.1,25.1,995.7,1006.9,1059,1003.3,220,1005.6,14.5,0,1300,1.29,5.45,,,,,,10,4.5,23.8,21.2,24.2,24.6,25.1,24.8,,,,,,1,1.5,,
266,2020-06-14,23.7,21.4,2307,28.4,1606,,2,746,6,746,18.5,5.2,270,1630,4.1,270,1637,1.8,1591,20.7,66,1723,84.4,24.7,995.3,1007.3,2226,1003.6,641,1005.1,14.5,3.1,1500,2.56,11.58,,,,,,8.5,4.1,24.7,18.7,25.2,25.1,24.9,24.4,,,,,,2.7,3.9,,
266,2020-06-15,24.7,19,455,30.7,1444,,,,,,,4.2,230,1736,3.5,270,321,1.5,1314,14.7,34,1343,55.1,16.8,996.7,1008.4,743,1004.6,1536,1006.6,14.5,11.9,1200,3.69,28.93,,,,,,5.6,.1,25.5,15.1,26.1,25.8,25,24.5,,,,,,6.2,8.9,,
266,2020-06-16,25,20.1,547,31.3,1422,,,,,,,4.1,110,1821,3.4,290,737,1.4,1190,13.1,30,1422,49.1,15.2,996,1007.4,2205,1003.8,1618,1005.8,14.5,12.8,1100,3.57,28.42,,,,,,5.1,.4,26.1,15.8,26.3,26,25.5,24.9,,,,,,5.5,7.8,,
266,2020-06-17,22.3,17.6,2343,27.2,1221,,.5,2337,.5,2247,.5,3.4,230,2230,2.4,230,2234,.9,815,15,44,1225,65.1,17.1,996.3,1007.2,733,1004.9,1602,1006.2,14.5,2.8,1100,2.49,15.56,,,,,,9.3,2.9,24.1,16,24.5,24.6,25,24.5,,,,,,2.6,3.7,,
266,2020-06-18,17.8,15.9,534,18.9,2156,,2.5,1810,10,1740,64.5,7.1,70,602,5.1,50,1725,3.1,2643,15.9,79,2355,89.1,18.1,992.3,1006.6,1,999.6,1727,1002.4,14.5,0,1000,.79,4.09,,,,,,8.9,3.6,19,15.9,19.4,20.5,22.4,22.6,,,,,,1.3,1.8,,
266,2020-06-19,22.3,17.7,444,28.5,1523,,.5,16,.5,105,2,6.1,360,549,4.6,50,358,1.8,1573,16.1,43,1314,69.5,18.3,996.2,1011,2357,1001,32,1006.1,14.5,7,1100,3.86,24.17,,,,,,5.6,3.5,23.9,17.2,24,23.5,22.4,22,,,,,,4.2,6,,
266,2020-06-20,22.3,19.8,623,27.2,1347,,,,,,,2.8,160,1530,1.9,110,1406,.8,690,17.3,53,1455,74.5,19.8,1001,1012.6,757,1009.1,1803,1010.9,14.5,6,1300,3.48,19.2,,,,,,6.6,3.8,24.6,18.3,25,24.7,24.1,23.3,,,,,,3.5,5,,
266,2020-06-21,22.6,19.4,547,27.8,1353,,,,,,,4.7,70,943,3.4,70,742,1.5,1281,16.6,50,1423,70.1,18.9,998.4,1010.5,2,1006.5,1700,1008.3,14.5,9.8,1200,3.53,25,,,,,,3.6,2.5,25,16.7,25.4,25.3,24.7,24.1,,,,,,4.6,6.5,,
266,2020-06-22,23.5,17.8,355,29.5,1417,,,,,,,3.6,90,1554,2.7,70,1519,1,834,16.2,40,1642,65.6,18.4,999.3,1011,2229,1008,330,1009.1,14.5,13.1,1200,3.53,29.66,,,,,,.8,0,26.9,14.6,26.4,25.9,25,24.4,,,,,,5.3,7.6,,
266,2020-06-23,24,18.2,516,30.1,1356,,,,,,,3.9,70,1120,2.8,90,1631,1.1,940,15.4,29,1418,61,17.5,999.8,1010.9,49,1008.9,1721,1009.7,14.5,11,1200,3.57,28.35,,,,,,4.9,.3,27.7,13.7,27.1,26.9,25.8,24.9,,,,,,5,7.2,,
266,2020-06-24,22.3,20.9,1456,24.1,1305,,2.5,1536,11,1621,42,4.1,70,1534,2.8,70,1541,1.3,1089,19.2,65,110,83.6,22.4,995.7,1009,1,1002.4,2400,1005.5,14.5,0,1100,.92,4.46,,,,,,9.6,5.5,22.6,19.3,23.1,23.7,24.7,24.4,,,,,,1,1.5,,
266,2020-06-25,22.1,19.9,2317,24.1,1102,,1,1325,2.5,1241,7.5,3.2,250,2043,2.3,270,2104,1.1,975,20.5,83,1046,91.1,24.2,993.3,1005,2313,1001.9,129,1003.2,14.5,0,1000,.73,4.96,,,,,,9,2.6,23.3,19,23.5,23.7,23.8,23.4,,,,,,1.5,2.1,,
266,2020-06-26,24.2,19.1,551,30.2,1424,,,,,,,4.8,290,1022,3.4,290,1023,1.7,1443,17.7,47,1512,69.5,20.3,997,1009,2209,1004.4,9,1006.8,14.5,12,1200,3.58,29.46,,,,,,3.3,,27.1,17,26.6,25.8,24.4,23.8,,,,,,5.1,7.3,,
266,2020-06-27,24.2,19.8,455,29.7,1321,,,,,,,2.8,70,1351,2.1,70,1138,.7,568,19,44,1350,74.1,22,995,1008.5,6,1003.2,1729,1004.8,14.5,6.2,1300,2.54,18.83,,,,,,6.8,.8,25.3,17,25.5,25.6,25.2,24.6,,,,,,3.5,5,,
266,2020-06-28,26.3,20.7,518,31.8,1513,,,,,,,4.9,270,1446,3.5,270,1454,1.1,979,18.5,39,1516,64.6,21.4,994.1,1005.9,2253,1002.7,1353,1003.9,14.5,12,1200,3.07,26.22,,,,,,2.8,.1,28.3,18.1,28,27,25.9,25.1,,,,,,5,7.1,,
266,2020-06-29,21.6,19.3,1600,24.1,1,,9.5,2120,31.5,2049,96.5,6.9,70,1837,5.4,90,1955,2.5,2163,19.5,72,1,88.5,22.7,992.1,1006.9,822,991.3,2400,1002,14.5,0,1000,.52,3.34,,,,,,9.3,4.5,21.7,18.9,21.5,23.1,24.6,24.4,,,,,,.9,1.3,,
266,2020-06-30,21.4,19.1,2114,25.6,1334,,.5,1,1,344,3,7.5,270,1238,5.5,270,1251,2.9,2516,17.4,60,1335,79,20,984.1,999.1,2246,988.7,417,993.9,14.5,1.9,1200,3.03,13.07,,,,,,7.9,7,22.4,17.9,22.6,23.1,23.3,22.9,,,,,,3,4.3,,
266,2020-07-01,22.5,19,518,28.5,1401,,,,,,,4.4,290,725,3.4,290,705,1.3,1087,15.9,46,1410,67,18,994.6,1008.8,2306,999,1,1004.4,14.5,4.8,1100,3.2,17.75,,,,,,5.6,4.1,23.5,16.7,24,23.8,23.6,23.1,,,,,,3.2,4.6,,
266,2020-07-02,22.6,18.3,325,26.3,1449,,,,,,,3.9,70,1619,2.7,70,1738,1.1,930,16.8,55,1528,70.5,19.1,1001.3,1013.3,2238,1008.7,216,1011.3,14.5,3.5,1200,2.02,15.82,,,,,,8.3,3,24,16,24.8,23.6,23.7,23.3,,,,,,3.1,4.5,,
266,2020-07-03,20.2,18,2027,22.2,413,,4,1937,12.5,1930,15.5,7.5,50,2158,5.7,50,2051,3.1,2699,15.3,57,406,74.1,17.4,1000.1,1013,1,1007.4,1820,1010.1,14.5,0,1300,1.3,6.05,,,,,,9.8,3.9,20.2,17.4,19.9,21.6,22.9,22.7,,,,,,1.9,2.7,,
266,2020-07-04,21.4,19.2,1,25.1,1302,,,,,,,5.8,50,249,4.1,50,705,1.5,1274,16.3,57,1330,73.4,18.5,997.2,1008.4,1,1006.2,247,1007.2,14.4,.1,1200,1.72,10.35,,,,,,7.9,5.3,22.2,17.4,22.8,22.1,22.2,21.8,,,,,,1.9,2.7,,
266,2020-07-05,22.2,19.3,513,26.5,1446,,,,,,,2.8,180,1513,2.1,180,1452,.6,546,17.4,53,1447,75.3,19.9,995.1,1007.6,1,1002.9,1755,1005,14.4,2.2,1200,2.41,16.03,,,,,,8.4,4.5,24.4,17.9,25.1,23.9,23.2,22.5,,,,,,2.6,3.7,,
266,2020-07-06,22.3,20.6,108,24.2,1006,,0,,0,,0,3.4,70,1015,2.6,70,1016,.7,592,19.5,72,1016,84.5,22.7,991.9,1003.3,1,1000.4,904,1001.8,14.4,0,900,.93,4.46,,,,,,9,7.1,22.7,18.9,23,23,23.2,22.9,,,,,,1.2,1.7,,
266,2020-07-07,24.2,21.4,410,29.3,1218,,7,2025,10.4,2011,10.5,3.8,180,1222,2.7,160,1231,1,855,20.5,57,1224,81.4,24.1,994.2,1005.2,2124,1002.9,1,1004.1,14.4,6.4,1300,2.99,21.44,,,,,,5.8,3.8,28.4,18.4,26.9,25.9,24.4,23.5,,,,,,3.9,5.5,,
266,2020-07-08,24.2,20.1,543,29.5,1252,,,,,,,2.9,160,1245,2.1,90,2049,.8,727,19.2,49,1309,75.3,22.3,995,1006,2213,1003.4,1533,1004.8,14.4,8.3,1100,3.11,22.16,,,,,,5.4,1.1,29,18.5,26.8,26.3,25.3,24.5,,,,,,3.8,5.5,,
266,2020-07-09,22.9,20,321,27.3,1226,,.5,1513,2,1515,3.5,5,90,1424,3.9,70,1246,1.8,1558,19.8,65,1117,83.9,23.1,994.7,1005.8,1,1003.4,1411,1004.5,14.4,2.8,1100,2.81,12.85,,,,,,6.5,2.6,25.1,18.2,24,24.5,24.9,24.4,,,,,,2.3,3.2,,
266,2020-07-10,23.9,21.4,913,28.3,1522,,7,710,14,708,40.5,9.7,50,919,6.8,50,924,2.4,2063,21.1,66,1602,85.1,25,991.4,1004,1,999.3,1324,1001.2,14.4,1.2,1300,2.31,11.88,,,,,,9.4,,26,21.5,25.3,24.9,24.3,23.7,,,,,,2.4,3.4,,
266,2020-07-11,24.5,22.2,451,28.9,1616,,,,,,,4.8,70,2020,3.5,70,2038,1,887,20.7,63,1331,79.9,24.4,997.1,1011,2352,1003.4,1,1006.9,14.4,1.5,1300,1.98,14.67,,,,,,,,27.2,20.6,26.2,25.9,25.1,24.4,,,,,,2.6,3.7,,
266,2020-07-12,20.5,19.2,2317,22.4,6,,5,1916,15,1917,62,6.5,50,2345,5.3,50,2306,2.5,2165,18.7,79,42,89.8,21.6,1000.1,1012.5,1115,1007.5,2346,1010.1,14.3,0,1300,.64,3.76,,,,,,,,21.1,19,21.3,22.9,24.1,23.9,,,,,,.9,1.3,,
266,2020-07-13,19.3,18.8,343,19.9,1641,,4.5,523,23,711,116.5,6.8,70,331,4.8,50,338,2,1725,17.9,88,1722,92,20.4,992.7,1007.7,7,1001.4,1002,1002.7,14.3,0,1200,.34,1.76,,,,,,8,,19.4,18.6,19.5,20.5,21.5,21.6,,,,,,.8,1.2,,
266,2020-07-14,20.7,19,2326,24.5,1025,,1.5,2032,4,2016,10.5,4,270,1110,3,250,1119,1.3,1133,18.3,67,1027,86.8,21,992.7,1005.3,2255,1000.7,244,1002.6,14.3,2.1,900,2.37,13.64,,,,,,8.9,3.3,24.6,19.4,22.9,22.7,22.2,21.8,,,,,,2.1,2.9,,
266,2020-07-15,19,18.5,913,19.6,1331,,1,720,3.5,720,17,3,70,839,2,70,1140,.6,546,18,91,512,94.3,20.7,996,1007.5,2309,1004.4,337,1006,14.3,0,1300,.58,3.23,,,,,,8,4.5,19.7,19.7,19.8,21.3,22,21.8,,,,,,.8,1.1,,
266,2020-07-16,21.8,18.5,144,27.2,1510,,.5,3,.5,1,.5,3.4,200,1246,2.6,180,1252,.8,668,17.5,54,1459,78.8,20,997.3,1009.2,2330,1005.6,1709,1007.2,14.3,6.2,1100,2.76,20.28,,,,,,5.8,5,26.1,18.3,24.3,23.5,22.8,22,,,,,,3.6,5.2,,
266,2020-07-17,23.2,20,503,28.4,1432,,,,,,,3.9,90,1217,2.6,70,1127,.9,795,18.2,56,1425,74.4,20.9,999.1,1010.6,2236,1007.6,1443,1009,14.2,7.2,1200,3.5,23.85,,,,,,6.4,4.3,28.7,20.3,26.4,25.4,24.2,23.5,,,,,,4,5.8,,
266,2020-07-18,22,20.2,518,24.4,1314,,0,,0,,0,4.1,70,1128,3.2,70,1137,1.7,1501,18,65,1320,78.8,20.7,999.9,1011,945,1009,1653,1009.9,14.2,.3,1100,1.56,10,,,,,,7.3,5.3,23.1,20.1,22.8,23.6,24.1,23.6,,,,,,2,2.8,,
266,2020-07-19,23.9,21,618,26.5,1810,,1,1012,1,922,2,4.7,50,506,3.8,230,2109,1.8,1579,21.4,80,41,86.4,25.7,998.1,1010.3,5,1006.6,1719,1007.9,14.2,0,1000,.64,4.69,,,,,,8.8,7.4,23.9,20.8,23.8,23.6,23.5,23,,,,,,1.1,1.5,,
266,2020-07-20,25.6,23.8,2345,30.1,1544,,.5,452,.5,402,2.5,4.4,230,1548,3.3,230,1558,1.5,1328,22.7,65,1546,84.9,27.7,998.3,1010.6,2303,1006.5,102,1008.1,14.2,1.9,1400,2.43,12.72,,,,,,8.8,5,28.2,23.4,27.7,26.2,24.8,23.9,,,,,,2.7,3.8,,
266,2020-07-21,24.7,21.7,524,29.3,1510,,.5,133,2.5,139,3.5,3,230,310,2.1,250,243,.8,665,21.3,63,1459,82.5,25.3,1001.9,1012.8,1010,1009.9,22,1011.8,14.2,3.9,1400,2.43,16.28,,,,,,9.1,4.6,28.7,21.7,27.7,26.5,25.4,24.7,,,,,,2.5,3.6,,
266,2020-07-22,23.3,22.2,524,24.8,1632,,.5,201,2.5,427,11,2.9,230,1902,1.9,230,2005,.7,629,22.2,89,1119,93.6,26.8,1000.2,1012.1,1,1008.9,1639,1010.1,14.1,0,1400,.82,5.28,,,,,,10,5.6,24.4,22.3,24.1,25.1,25.1,24.6,,,,,,1,1.4,,
266,2020-07-23,22.4,21.5,1501,23.8,2118,,13.5,1752,42,1738,105,5.9,70,1619,4.9,70,1636,1.9,1627,21.3,87,2343,93.9,25.3,995.5,1010.4,650,998.8,2343,1005.4,14.1,0,900,.38,2.56,,,,,,9.6,5.4,22.7,21.3,22.6,23.5,24,23.7,,,,,,.8,1.1,,
266,2020-07-24,20.8,19.8,1932,22.8,1,,1,1529,4,1528,13,4.5,230,220,3.1,250,401,1.1,962,19,81,501,89.9,22,987.9,999.1,2354,996.7,1609,997.8,14.1,0,1100,.3,2.33,,,,,,7.9,4.5,20.5,20.1,20.6,22.2,22.9,22.7,,,,,,.7,1,,
266,2020-07-25,22.2,20,23,26.7,1308,,.5,121,1,1828,3.5,3.4,270,1452,2.3,250,1107,1,821,20.4,71,1305,90,23.9,992.7,1006.4,2226,999.1,1,1002.6,14.1,1.2,1200,2.04,11.8,,,,,,7.3,4.3,24,20.5,23.1,23.7,23.2,22.6,,,,,,2.2,3.2,,
266,2020-07-26,23.8,19.8,558,29.2,1414,,,,,,,3.9,140,1657,2.5,160,1705,.8,717,18.8,47,1345,75.8,21.8,997.8,1009.1,2315,1006.2,2,1007.7,14.1,11.4,1200,3.55,27.27,,,,,,7.1,1.5,29.4,19.3,26.8,26.3,24.8,24,,,,,,4.8,6.8,,
266,2020-07-27,22.4,20.6,305,25.6,1224,,.5,1607,.5,1517,.5,4.6,70,1806,3.4,70,1740,1.1,925,20.5,76,1232,89.3,24.1,998.5,1009.4,829,1007.3,1828,1008.4,14,0,1200,1.1,5.31,,,,,,10,3.6,22.9,20.9,22.6,24,24.6,24.2,,,,,,1.2,1.7,,
266,2020-07-28,25.3,22.2,4,28.4,1341,,4.5,1521,8.5,1431,11,2.5,230,1649,2.1,70,2355,.6,486,23.5,76,1154,90.5,29.1,1000.5,1012.4,2332,1008,312,1010.4,14,.1,1100,1.37,7.79,,,,,,9.4,5.1,26.4,22.8,26,25.6,24.7,24,,,,,,1.4,1.9,,
266,2020-07-29,24.9,23.8,303,28.4,1312,,4,915,6,1336,11.5,3.3,70,1349,2.7,70,1538,.7,582,23.6,80,1307,92.9,29.2,1003.1,1014.2,2308,1011.7,337,1013,14,.4,1100,1.92,10.05,,,,,,9,4.5,26.9,23.6,26.1,26.2,25.6,24.8,,,,,,1.9,2.7,,
266,2020-07-30,25.2,22.6,1537,31.3,1247,,9.5,1343,16,1433,43,4.5,70,1502,4,50,1409,1,855,23,64,1232,88.5,28.1,1004.7,1015.3,1103,1013.6,415,1014.5,14,2.7,1200,2.87,12.86,,,,,,7.9,1.5,26.6,23.2,25.7,26.6,26.2,25.4,,,,,,2.3,3.3,,
266,2020-07-31,26.7,22.9,427,31.7,1357,,.1,,.1,,.1,3.6,230,1446,3,230,1456,.9,819,23.1,62,1154,81.8,28.3,1004.3,1016,755,1012.5,1704,1014.1,13.9,6.5,1000,2.69,20,,,,,,7.6,1.8,30.7,22.2,28.3,27.6,26.4,25.7,,,,,,3.6,5.1,,
266,2020-08-01,26.9,24.3,541,31.3,1331,,0,,0,,0,3.9,230,1138,2.5,200,1354,.9,804,23,59,1208,80.3,28.1,1002.4,1013.6,111,1010.8,1743,1012.2,13.9,4.5,1100,3.19,17.66,,,,,,8.4,3.1,30.4,23.9,28.3,28.2,27.2,26.5,,,,,,3.3,4.7,,
266,2020-08-02,27.3,24.8,213,30.9,1505,,0,,0,,0,5.1,230,1446,3.5,230,1116,1.3,1166,23.3,63,1344,79.9,28.6,1000.9,1012.1,27,1009.2,1746,1010.7,13.9,4.6,1000,2.3,17.44,,,,,,7.8,3,31.8,23.4,29.5,28.2,27.4,26.6,,,,,,3.2,4.6,,
266,2020-08-03,26.9,25.1,615,29.9,1413,,,,,,,3.6,200,1603,2.5,230,1626,1.2,1067,23.3,70,1403,81.1,28.7,1001.2,1012,2337,1010.3,639,1011,13.8,.5,1300,1.53,10.94,,,,,,8.6,3.6,29,24,28.3,27.8,27.3,26.6,,,,,,2.3,3.3,,
266,2020-08-04,28.1,24.5,220,32,1405,,0,,0,,0,5.3,230,1534,3.6,230,1327,1.3,1153,23.9,64,1411,78.5,29.6,1003.3,1014.8,2341,1011.6,330,1013.1,13.8,7,1300,3.16,21.67,,,,,,6.3,3.3,33.8,23.2,31,29,27.7,26.8,,,,,,3.8,5.4,,
266,2020-08-05,27.3,26,338,29.4,1640,,3,1922,8.5,1859,16.5,5.5,180,2250,3.6,180,2229,1.6,1355,24.5,75,1032,85.3,30.8,1003.4,1014.8,12,1011.9,2259,1013.2,13.8,.4,1600,1.16,7.81,,,,,,8.1,5.9,27.1,25.7,27.3,27.8,27.7,27.1,,,,,,2,2.8,,
266,2020-08-06,26.4,25.6,1157,28.3,826,,4.5,1208,15,1130,19,6.6,230,923,4.4,230,319,2.4,2059,24,74,825,87,29.8,999.5,1011.9,1,1007.6,1616,1009.3,13.7,.1,800,.8,3.76,,,,,,9.5,8,27.1,25.5,26.7,26.7,26.9,26.4,,,,,,.9,1.3,,
266,2020-08-07,25.5,24.7,2157,26.9,1104,,3,1124,7.5,1622,26,3.2,230,513,2.3,230,514,.8,723,24.1,79,1124,92.1,29.9,997.2,1009.5,1,1004.9,2352,1007,13.7,0,1100,.47,2.97,,,,,,9.8,3.5,25.9,25,25.9,26.3,26.3,25.9,,,,,,.6,.9,,
266,2020-08-08,25.5,24.5,712,27.4,1518,,9.5,1239,17.5,1152,60,4.7,230,651,3.5,230,658,.9,803,24.2,86,1918,93,30.2,994.9,1006.7,2320,1003.6,436,1004.6,13.7,0,1500,.78,3.9,,,,,,9.5,5.8,25.9,24.2,25.7,25.9,25.9,25.4,,,,,,1.2,1.7,,
266,2020-08-09,27.3,25.7,1,30,1107,,1,2247,1.5,2157,1.5,4.5,180,1518,3.3,180,1556,1.9,1679,23.4,70,1110,79.9,28.8,996.6,1007.1,2351,1005.4,1753,1006.3,13.7,2.9,1500,1.54,12.5,,,,,,6.1,6.1,29.6,24.6,28.5,27.2,26.5,25.8,,,,,,2.3,3.3,,
266,2020-08-10,25.5,24.9,1716,26.4,123,,9,711,26.5,1433,82.5,5.9,70,1313,4.4,70,1319,1.5,1312,24.3,86,9,93,30.3,995.4,1008.1,2319,1001,1419,1005.2,13.6,0,900,.47,3.26,,,,,,8.6,4.8,25.8,25,25.9,26.2,26.4,25.9,,,,,,1,1.4,,
266,2020-08-11,26.3,24.6,1329,30.8,1129,,4.5,1320,5.5,1230,10,4.9,290,1320,3.1,230,1026,.9,746,24.3,69,1137,89.1,30.3,1001.2,1013.4,2309,1008.1,1,1011.1,13.6,1.9,1000,1.96,9.18,,,,,,7.8,5,27.6,24.2,26.9,26.9,26.5,25.9,,,,,,1.6,2.2,,
266,2020-08-12,28,25.8,316,31.9,1500,,3.5,513,4,423,7.5,4.4,250,1419,3.1,230,1329,1.2,1047,24.9,67,1325,84.5,31.5,1003.7,1014.2,701,1012.8,1500,1013.5,13.6,4,1300,2.35,15.97,,,,,,7.1,2.9,31.4,25.4,29.7,28.4,27.3,26.5,,,,,,3,4.3,,
266,2020-08-13,28.1,25.3,543,31.9,1245,,,,,,,4.6,250,1311,3.4,230,1317,1.1,972,24.3,64,1149,80.6,30.4,1001.5,1013.8,2,1009,1811,1011.3,13.5,6.9,1100,2.87,19.61,,,,,,5.4,4,32.1,24.8,30.3,29.1,28.1,27.3,,,,,,3.7,5.3,,
266,2020-08-14,28.6,25.4,539,33,1421,,,,,,,4.6,230,1351,3,230,1359,1.5,1321,24.5,63,1246,79.3,30.8,998.6,1009.8,20,1006.4,1626,1008.3,13.5,8,1200,3.25,20.75,,,,,,5.3,3.1,32.4,25.2,30.9,29.8,28.7,27.8,,,,,,4.2,5.9,,
266,2020-08-15,29,25.3,456,34,1505,,,,,,,5,250,1434,3.4,230,1437,1.4,1179,23.6,52,1543,74.1,29.2,1000.3,1011.9,2243,1008.6,1545,1010,13.5,10.4,1200,3.25,24.18,,,,,,2.9,.9,34.1,25,30.8,30.2,29.2,28.3,,,,,,4.9,7,,
266,2020-08-16,28.5,24,505,33.6,1453,,,,,,,4.8,270,900,3.2,230,1706,1.2,1056,23.5,57,1448,75.6,29.1,1001.9,1012.9,2225,1009.9,1629,1011.7,13.4,11.9,1200,3.48,25.74,,,,,,3.8,.5,34.5,23.2,31.3,30.5,29.5,28.6,,,,,,4.8,6.9,,
266,2020-08-17,29.1,24.4,623,34.7,1458,,,,,,,3.3,230,1506,2.6,230,1513,.9,735,23.3,46,1454,73.3,28.7,1003.5,1014.5,845,1011.9,1710,1013.2,13.4,11.7,1200,3.41,25.64,,,,,,1.8,.3,36.7,24,32.1,31.6,30,29,,,,,,4.9,6.9,,
266,2020-08-18,29.2,24.6,546,34.9,1433,,,,,,,3.6,230,1704,2.3,180,1458,.7,630,23.2,46,1512,72.1,28.4,1002.6,1014.3,659,1010.4,1702,1012.3,13.4,12,1200,3.34,25.58,,,,,,.6,.1,36.3,24,32.3,32.3,30.8,29.6,,,,,,5,7.1,,
266,2020-08-19,29.3,24.5,538,35.7,1521,,,,,,,4,230,1643,3,230,1536,.7,643,22.6,41,1401,69.5,27.5,1000.8,1012.1,315,1008.3,1807,1010.5,13.4,12,1200,3.33,26.01,,,,,,.5,0,36.6,23.5,32.3,32.7,31.1,29.9,,,,,,5.3,7.5,,
266,2020-08-20,29.3,24,456,35.5,1344,,,,,,,3,160,1348,2.1,160,1530,.7,580,21.8,42,1515,66.1,26.2,1002,1013.4,2349,1009.9,1608,1011.7,13.3,12.1,1200,3.31,25.4,,,,,,.6,0,37,23,32.6,32.9,31.5,30.3,,,,,,4.7,6.6,,
266,2020-08-21,27.2,24.5,454,32.1,1434,,,,,,,2.5,70,1706,1.9,70,1628,.5,463,22.5,56,1440,76.6,27.2,1004.2,1015.2,936,1012.6,1625,1014,13.3,3.8,1200,1.97,13.01,,,,,,4.6,2.8,31.2,23.6,29.6,30.7,30.7,30,,,,,,2.6,3.8,,
266,2020-08-22,26.6,24.2,457,30.6,1445,,,,,,,3.4,70,835,2.7,70,1041,1.1,976,21.2,57,1446,73.3,25.2,1002.6,1014.6,1,1010.5,1617,1012.4,13.2,3.3,1300,2.64,15.12,,,,,,8.4,6,31.9,24.2,30.5,30.5,30.1,29.3,,,,,,2.7,3.9,,
266,2020-08-23,26.9,23.1,530,32.1,1412,,,,,,,3.1,180,1339,2.6,180,1345,.7,596,21.3,52,1504,72.5,25.3,998.6,1010.9,1,1006.5,1541,1008.4,13.2,6,1200,2.86,18.02,,,,,,6.4,2.5,30.8,22.7,29.7,30.8,30,29.1,,,,,,3.5,5.1,,
266,2020-08-24,27.4,23.3,524,33.3,1401,,,,,,,3.6,180,1148,2.3,50,1441,.7,643,22,51,1403,73.8,26.4,996.2,1007.9,39,1004.2,1516,1006,13.2,10.4,1200,3.43,22.7,,,,,,3.3,.5,32.8,23,30.2,31.7,30.6,29.6,,,,,,4.3,6.2,,
266,2020-08-25,28.8,23.8,516,33.6,1450,,.5,1204,.5,1114,.5,5.1,90,2304,4.1,70,2305,1.7,1507,21.7,48,1515,67,26,995.5,1006.1,2315,1003.8,1820,1005.2,13.1,10.7,1300,3.22,23.57,,,,,,4.9,3.1,35,23.2,31.9,31.7,30.8,29.9,,,,,,5.5,7.9,,
266,2020-08-26,27.4,24.9,1748,29.9,1029,,11.5,2109,45,2112,93,10.3,110,2112,7.9,110,2113,4.1,3580,23,65,1036,77.4,28.1,992.3,1005.6,6,999,2025,1002,13.1,1.9,800,1.13,7.4,,,,,,8.1,4.1,28.8,25,28.5,28.9,29.8,29.4,,,,,,2,2.9,,
266,2020-08-27,27.3,25.5,2310,30.9,1151,,3.5,2256,7,2206,11.5,6.7,180,123,4.5,160,125,1.6,1375,24.4,68,1151,85,30.6,994.8,1007.6,2251,999.9,120,1004.5,13.1,1.4,1100,1.94,10.41,,,,,,9,6,28,25.5,28.2,28.1,28.1,27.6,,,,,,2,2.8,,
266,2020-08-28,26.5,25.3,614,30.3,1523,,1,2333,1.5,,1,3.2,70,1251,2.6,70,1300,.8,675,23.7,69,1525,85.4,29.4,998.5,1009.9,2307,1006.7,446,1008.3,13,1.3,1500,1.94,9.45,,,,,,8.3,2.9,29.5,24.6,28.5,27.9,28.1,27.6,,,,,,1.8,2.6,,
266,2020-08-29,26.7,24,603,31.6,1351,,2,113,2.5,49,7.5,4.3,230,1404,2.8,200,1405,.9,783,23.6,62,1319,84.1,29.2,1000.3,1011.5,2339,1008.8,439,1010.1,13,3.9,1300,3,14.46,,,,,,7.6,3.6,28.2,24.3,28.1,28.4,28.3,27.6,,,,,,3,4.4,,
266,2020-08-30,28.6,23.9,518,34.5,1351,,,,,,,3.4,70,2209,2.5,70,2210,.8,656,23.1,52,1352,73.6,28.2,1001.2,1012.2,2337,1009.2,1551,1010.9,13,11.1,1200,3.4,24.12,,,,,,6,2.5,33.1,22.9,31.2,29.9,28.9,28.2,,,,,,4.8,6.9,,
266,2020-08-31,27.1,23.8,2400,31.5,1307,,,,,,,6.5,50,1027,4.9,50,2206,2.6,2217,21.9,61,1302,74.1,26.4,1002,1012.8,702,1010.4,1616,1011.8,12.9,6.3,1300,2.94,19.64,,,,,,5.3,3.1,31,22.7,30,29.3,29.3,28.7,,,,,,4.4,6.2,,
266,2020-09-01,26.2,23.4,332,30.9,1320,,0,,0,,0,6.3,70,1027,4.6,50,202,2.9,2541,20.5,60,1303,70.9,24.2,998.8,1012,1,1006.7,1816,1008.5,12.9,3.8,1200,3.17,15.07,,,,,,6.8,2.8,26.4,21.6,26.3,27.1,28,27.7,,,,,,3.5,5,,
266,2020-09-02,25.3,24,2019,27.3,1213,,7.5,2133,33,2133,120.5,13.5,20,1930,10.1,20,1938,5.3,4601,22.3,73,59,84.1,27,986,1007,1,976,2359,995.7,12.9,0,1200,1.04,5.93,,,,,,10,3.1,24.7,23.4,25,26,27.1,26.9,,,,,,2.4,3.4,,
266,2020-09-03,24.6,20.7,2302,30.1,1440,,2.5,1,11,1,20.5,12.2,270,320,9.5,270,330,4,3462,17.9,46,1508,67.9,20.6,990.3,1012,2357,973.2,110,1000.1,12.8,7.8,1100,2.91,20.37,,,,,,2.8,1.3,27.6,18.7,26.2,26,26.2,25.9,,,,,,4.2,6,,
266,2020-09-04,23.6,18.6,618,29.4,1337,,,,,,,3.4,230,1411,2.4,230,1313,.8,671,17.7,46,1501,71.3,20.3,1003.6,1014.7,2104,1011.7,100,1013.5,12.8,10,1200,3.29,22.34,,,,,,2.5,.5,28.4,16.6,25.8,25.8,26.1,25.7,,,,,,3.7,5.3,,
266,2020-09-05,20.3,17.9,2310,22.6,755,,.2,,1,1540,3.5,6.9,70,2300,5.2,50,2321,1.5,1279,17.3,64,1039,83.4,19.8,1003.6,1016.1,1043,1011.7,1707,1013.6,12.8,0,1200,.64,3.5,,,,,,10,3.3,21.2,18.5,21.5,23.3,25.3,25.3,,,,,,1,1.5,,
266,2020-09-06,21.2,17.8,317,23.4,1344,,1.5,9,3.5,11,10.5,15.1,20,2335,9.5,50,2340,3.2,2783,18,68,859,82.4,20.6,993.9,1013.1,1,992.1,2400,1003.9,12.7,0,1000,.73,4.46,,,,,,10,3.1,20.9,18.4,21,22,23.5,23.6,,,,,,1.8,2.5,,
266,2020-09-07,21.6,18.5,1006,24,1312,,1.5,459,4,422,20.5,14.3,20,121,9.1,20,124,4.6,3963,17.7,65,1149,79.4,20.3,982.4,1006.9,2346,978.8,725,992.2,12.7,.8,1200,1.65,9.59,,,,,,7.4,2.5,21.1,19,21.3,22.4,23.3,23.1,,,,,,2.3,3.2,,
266,2020-09-08,24.4,20.6,145,29.6,1402,,,,,,,5.3,270,447,3.8,270,450,1.8,1567,19.5,53,1417,75.5,22.8,1002.1,1014.2,2143,1006.9,1,1012,12.7,8.9,1200,3.12,19.93,,,,,,4.6,1.4,27.6,18.8,25.4,24.5,24,23.5,,,,,,3.6,5.1,,
266,2020-09-09,23,19.1,800,27.1,1238,,6,648,13,614,13.5,4.6,290,1114,3,70,758,1,871,18.5,52,1223,77.4,21.4,1001.1,1014.4,706,1009,1546,1011.1,12.6,5,1100,2.81,15.5,,,,,,6.9,3.6,25.4,19.5,24,24.4,24.8,24.3,,,,,,2.9,4.1,,
266,2020-09-10,23.6,19.9,546,29.1,1422,,.5,141,.5,51,.5,3.8,290,127,2.9,290,140,.7,593,18.1,44,1331,72.3,20.8,999.5,1011.8,2357,1008.1,1520,1009.4,12.6,7.7,1300,2.94,19.42,,,,,,7.7,2.4,27.9,18.7,26.2,25.7,25.3,24.7,,,,,,3.2,4.6,,
266,2020-09-11,22.4,20.1,730,25.1,1230,,.4,2144,1,2046,2.5,5.8,50,2130,4.7,50,2137,2,1725,18.3,66,1234,78,21,1002.7,1014.2,1058,1010.9,607,1012.6,12.6,0,1200,1.59,6.39,,,,,,10,3.3,22.5,20.7,22.7,24,24.9,24.6,,,,,,2.2,3.1,,
266,2020-09-12,22.7,20.2,57,26.6,1236,,.5,45,.5,,.5,7.1,50,1022,5.6,50,1026,3.6,3152,16.5,58,1215,68.6,18.8,1003,1015.1,2104,1011.4,446,1012.9,12.5,5.2,1000,2.77,16.45,,,,,,7.6,4.6,27.2,19,24.7,24,24.4,24.1,,,,,,3.3,4.8,,
266,2020-09-13,21.4,19.3,656,23.8,1432,,.1,,.1,,.1,4.3,50,23,3.4,50,24,1,867,16.3,62,1201,73.3,18.5,1005.3,1016.6,949,1014.2,1451,1015.4,12.5,.2,1100,1.79,8.17,,,,,,6.9,6.1,23.2,19.5,22.8,23,23.9,23.7,,,,,,1.6,2.3,,
266,2020-09-14,23.1,19.9,629,27.9,1454,,,,,,,4,230,1522,2.9,180,1309,.8,661,18.3,53,1248,76,21.1,1004.3,1015.8,912,1012,1603,1014.2,12.5,7.6,1100,3.15,19.94,,,,,,6.8,3.4,27.2,19.3,25.6,25,24.6,24,,,,,,3.7,5.3,,
266,2020-09-15,23,19.4,610,27,1313,,,,,,,3.9,70,1026,2.8,70,1126,1,828,17.1,51,1513,70.6,19.4,1003.1,1014.4,1,1012,1541,1013,12.4,6.4,1000,2.2,15.31,,,,,,7.8,3.3,26.9,18.2,24.6,24.7,24.8,24.4,,,,,,2.7,3.9,,
266,2020-09-16,21.6,20.2,425,23.3,1609,,.5,356,.5,306,.5,4.4,50,654,3.6,50,626,1.2,1011,18.5,76,323,83.1,21.3,1000.2,1012.5,10,1008.4,1714,1010.1,12.4,0,1000,.78,3.86,,,,,,6.3,4.6,22.1,19.3,22.2,23.1,24.1,23.9,,,,,,.8,1.2,,
266,2020-09-17,20.6,18.3,2347,23.2,1145,,.5,717,1,847,5.5,1.9,230,1507,1.3,290,2230,.3,284,18.5,67,1420,88,21.3,1000.8,1012.5,941,1009.2,45,1010.8,12.3,0,1100,1.09,5.23,,,,,,9.9,2.3,21.3,18.7,21.6,22.6,23.6,23.3,,,,,,1,1.5,,
266,2020-09-18,19.5,17.1,2303,24.5,1515,,.5,748,.5,658,1,4.6,270,1521,3.8,270,1547,.9,784,15.1,54,1245,76.4,17.1,1004.4,1017,2339,1011.5,157,1014.5,12.3,2.7,1300,2.42,11.25,,,,,,8.1,2.8,21.8,14.4,21.1,22.4,23.1,22.9,,,,,,2.2,3.1,,
266,2020-09-19,20,14.5,630,26.6,1311,,,,,,,4.9,290,1207,3.7,290,1210,1.2,1060,12.2,41,1415,62.5,14.2,1006.8,1018.2,718,1015.3,1623,1016.9,12.3,9.4,1100,2.69,18.73,,,,,,3.4,.1,23.6,11.9,20.7,21.7,22.5,22.4,,,,,,3.5,5,,
266,2020-09-20,20.8,15.2,311,26.8,1435,,,,,,,5.3,290,1549,3.6,290,1552,1.4,1182,10,29,1326,51.5,12.3,1006.8,1018.2,2305,1015.4,1435,1016.8,12.2,11,1200,3.08,22.16,,,,,,.4,0,24.3,11.5,21.1,21.8,22.5,22.3,,,,,,4.4,6.3,,
266,2020-09-21,19.6,13.4,628,24.3,1232,,,,,,,4.8,70,1555,3.4,70,1556,1.3,1145,9.5,35,1210,54.3,11.9,1007.5,1019.1,935,1015.5,1628,1017.6,12.2,9.8,1200,2.56,19.01,,,,,,3.5,.6,23.9,10.9,20.5,21.1,22.2,22,,,,,,4.2,5.9,,
266,2020-09-22,19.3,17.5,2354,22.7,1542,,,,,,,7.5,50,2149,5.6,50,543,3.3,2829,10.6,48,1520,57.8,12.8,1007,1018.6,7,1015.6,1528,1017.1,12.2,5.1,1400,2.54,14.05,,,,,,6.4,2.9,22.9,14.3,20.9,20.9,21.7,21.6,,,,,,3.6,5.1,,
266,2020-09-23,19.9,17.1,358,22.5,1423,,0,,0,,0,8.4,50,1137,5.6,50,1146,3.5,3038,11.8,55,1253,59.6,13.8,1005.6,1016.9,4,1014.6,1438,1015.7,12.1,.4,1200,1.51,9.85,,,,,,9.4,5.4,22,14.1,20,20.1,21.1,21,,,,,,3.2,4.6,,
266,2020-09-24,21.3,18.2,306,25.3,1258,,.1,,.2,,.2,8,50,526,5.8,50,535,3.6,3096,13,50,1125,59.5,15,1003,1015.3,1,1011.2,1539,1013,12.1,5.1,1100,2.98,17.34,,,,,,6.5,3.4,25,15.7,22.6,22.5,22.1,21.4,,,,,,3.6,5.1,,
266,2020-09-25,21.1,15.4,608,26.6,1155,,,,,,,6.5,70,1229,4.7,70,1322,1.8,1582,13.1,48,1238,61.3,15.1,1001,1012.9,2330,1009.6,1329,1011,12.1,5.3,1000,2.58,15.06,,,,,,5.1,3.3,23.6,11.8,22.2,22.3,22.4,21.8,,,,,,3.5,5.1,,
266,2020-09-26,21.5,18.4,139,25.9,1328,,,,,,,5.3,50,351,4,50,426,2.1,1855,11.7,40,1434,54.1,13.8,1004.4,1016.7,2343,1012.5,310,1014.4,12,8.4,1200,2.99,19.41,,,,,,5.5,2.8,27.3,14.4,23.9,23.7,22.9,22.2,,,,,,4.4,6.3,,
266,2020-09-27,20.5,16.6,618,24.8,1353,,,,,,,6.1,70,923,4.5,50,818,2.7,2316,12.1,41,1556,59.9,14.2,1007.6,1018.9,2352,1015.8,1522,1017.7,12,9.4,1200,3.08,20.76,,,,,,2.4,.1,26.7,13.2,24,23.8,23.3,22.6,,,,,,4.2,6.1,,
266,2020-09-28,19.6,15.5,532,24.6,1235,,,,,,,5,50,233,3.8,50,240,1.9,1666,10.2,36,1418,55.9,12.4,1006.4,1018.9,737,1014.2,1655,1016.4,11.9,10.6,1200,3.01,21.07,,,,,,1.5,0,24.4,11.2,22.9,23.2,23.2,22.5,,,,,,3.9,5.5,,
266,2020-09-29,19.5,13.5,617,25.5,1517,,,,,,,3.8,70,1252,2.7,70,1254,.7,604,10.7,37,1506,58.6,12.9,1001.1,1015.1,134,1008.2,1550,1011.1,11.9,9.5,1200,2.88,18.87,,,,,,5.8,1,24.1,8.9,22.4,22.7,22.9,22.3,,,,,,3.2,4.5,,
266,2020-09-30,20.3,15.1,640,26.3,1511,,,,,,,3.8,50,1232,2.8,70,1054,.7,632,12.3,35,1517,61.8,14.3,1000.1,1012.2,2305,1008.8,1455,1010.1,11.9,8.1,1200,2.96,18.53,,,,,,5.1,3.6,25.2,12.1,23,23.3,23.2,22.6,,,,,,3.3,4.7,,
266,2020-10-01,20.8,17.8,449,25.7,1255,,,,,,,3,180,1209,2,70,930,.8,668,14,43,1355,66.4,16,1004,1015.6,2320,1011.5,41,1014,11.8,7.5,1200,2.84,18.35,,,,,,5.6,3.8,27.1,14.9,24.7,24.7,24,23.2,,,,,,3.3,4.7,,
266,2020-10-02,21.1,17.2,713,26.8,1428,,,,,,,4.1,230,1427,2.8,230,1437,.9,746,15.2,46,1243,70.4,17.3,1005.4,1016.9,831,1013.7,1610,1015.4,11.8,8,1200,2.55,16.84,,,,,,5.9,4.1,27.2,15,24.2,24.4,24.2,23.4,,,,,,3,4.2,,
266,2020-10-03,21.8,18.3,635,27.3,1428,,0,,0,,0,2.8,140,1527,2.1,200,1734,.6,535,13.6,32,1517,62,15.7,1005,1017,940,1012.8,1556,1015,11.8,6.1,1200,2.76,16.45,,,,,,8.6,5.5,27.2,17,25.1,25.1,24.5,23.6,,,,,,3,4.3,,
266,2020-10-04,20,16.1,2358,25.1,1345,,0,,0,,0,6.3,290,2259,4.6,290,1752,1.5,1319,13.8,57,1325,68.3,16,1002,1014.6,16,1009.4,1434,1012,11.7,.3,1300,1.45,7.99,,,,,,9.1,5.3,23.2,15,22.9,23.4,24,23.6,,,,,,2.5,3.5,,
266,2020-10-05,16.1,10.9,628,21.7,1324,,,,,,,7.9,290,1452,6,290,118,2.4,2104,3.6,26,1144,45.3,8,1006.6,1019.2,2303,1013.3,1,1016.8,11.7,10.3,1200,2.93,20.29,,,,,,3.8,2,22.1,7.2,20.8,21.6,22.6,22.3,,,,,,4.2,6,,
266,2020-10-06,16.8,10.5,704,22.7,1358,,,,,,,5.9,50,2338,3.7,50,2342,.9,815,4.6,25,1253,46.4,8.5,1010.5,1023.2,2346,1018.7,5,1020.7,11.6,10.4,1200,2.93,20.04,,,,,,3.6,1.3,23.2,5.2,21.1,21.4,22.1,21.7,,,,,,4.2,6,,
266,2020-10-07,18.8,15,630,23.2,1327,,,,,,,7.2,50,2038,5.7,50,2215,3.1,2647,6.1,31,1401,44,9.5,1013.3,1025.1,941,1021.5,1453,1023.5,11.6,9.7,1200,2.84,19.41,,,,,,5.9,5.3,22.7,10.9,21.9,22,22.3,21.8,,,,,,5,7.2,,
266,2020-10-08,18.7,16,2345,23,1308,,,,,,,9.1,70,1147,6.8,50,418,4.8,4111,6.8,34,1432,46.9,10,1013,1024.8,908,1021.4,1432,1023.1,11.6,10.6,1100,2.82,19.61,,,,,,1.3,0,21.8,12.5,21.4,21.7,22.3,21.8,,,,,,5.7,8.2,,
266,2020-10-09,18.9,15.4,223,23.1,1359,,,,,,,10.5,50,502,7,50,411,4.2,3618,7,37,1240,46.4,10,1010.5,1023.4,47,1018.5,1543,1020.6,11.5,10.4,1100,2.54,18.57,,,,,,4.8,2.6,21.8,11.8,21.2,21.4,21.8,21.4,,,,,,4.6,6.6,,
266,2020-10-10,19.4,16.2,635,23.7,1355,,,,,,,6.5,70,1236,4.6,70,1232,2.3,1968,9.8,43,1133,54.6,12.1,1007.8,1019.6,921,1015.9,1609,1017.9,11.5,9.3,1200,2.82,18.01,,,,,,5.6,3.4,23.2,12,22.4,22.6,22.4,21.8,,,,,,3.7,5.3,,
266,2020-10-11,18.4,14.6,454,22.9,1444,,,,,,,6.1,50,858,4.5,50,907,1.7,1454,9.7,43,1327,57.5,12,1005.7,1018.3,819,1013.5,1451,1015.9,11.5,8.6,1100,2.76,17.79,,,,,,6,2.6,22.7,10.3,22.2,22.4,22.5,21.9,,,,,,3.2,4.6,,
266,2020-10-12,19.3,15.1,147,25.4,1451,,,,,,,5.1,290,1356,4.1,290,1958,1.5,1292,10.4,34,1333,58.4,12.6,1004.4,1016.3,2316,1012.3,1511,1014.5,11.4,9.4,1100,2.73,17.82,,,,,,5,2.9,23.8,11.3,22.6,22.7,22.6,22,,,,,,3.5,5,,
266,2020-10-13,15.9,12.1,2316,23.1,1354,,,,,,,4.7,290,1447,3.8,290,1450,1.3,1152,3.1,23,1354,43.4,7.6,1008.9,1022.4,2313,1016.2,1,1019.1,11.4,5.5,1200,2.65,14.66,,,,,,6.5,3.8,19.2,6.4,19.4,20.7,22,21.6,,,,,,3.1,4.4,,
266,2020-10-14,15.7,10.5,536,22.1,1458,,,,,,,4.3,290,1939,3.6,290,1935,1.1,945,3.4,28,1157,45.4,7.9,1013.4,1025.6,958,1021.9,1539,1023.7,11.4,4.7,1100,2.15,12.82,,,,,,6,3.6,18.8,5.1,18.4,19.1,20.6,20.4,,,,,,3,4.2,,
266,2020-10-15,16.5,12.2,655,22.6,1414,,,,,,,4.8,70,1211,3.6,90,1220,1.2,1048,-3.1,9,1321,28.5,5,1013.4,1025.7,902,1021.7,1516,1023.7,11.3,5.3,1200,2.88,15.78,,,,,,7.8,5.9,19,7.9,19.3,20.1,20.7,20.3,,,,,,4,5.7,,
266,2020-10-16,14.8,11.6,443,17.9,1320,,0,,0,,0,3.8,20,9,3.1,20,11,1,897,2.5,24,45,44,7.3,1012.5,1024.6,952,1021,1646,1022.8,11.3,0,1200,.88,5.51,,,,,,8.8,4.1,16.2,5.5,16.4,17.5,19.5,19.6,,,,,,1.5,2.2,,
266,2020-10-17,16.2,10.2,539,22.3,1431,,,,,,,2.7,70,947,2.3,70,948,.8,679,5.3,33,1243,49.9,9,1011.9,1024,936,1020.1,1550,1022.2,11.3,7.3,1200,2.6,15.98,,,,,,3.6,.5,18,4.4,18.3,18.7,19.3,19,,,,,,2.9,4.1,,
266,2020-10-18,16.8,11.3,530,23.1,1339,,,,,,,3.6,270,1305,2.4,250,1311,.8,709,4.6,23,1759,47.4,8.7,1012.4,1024.5,823,1020.6,1456,1022.7,11.2,8.6,1100,2.57,16.74,,,,,,4.4,0,19.7,6.4,19.3,19.4,19.8,19.4,,,,,,3.3,4.7,,
266,2020-10-19,15.5,10.4,637,24,1544,,,,,,,4.8,70,1045,3.4,70,1051,1.1,949,4.7,27,1414,49.9,8.6,1013.9,1026.3,2239,1022.3,1420,1024.3,11.2,8.1,1300,2.51,14.59,,,,,,2.9,1.6,18.4,4.3,18.2,18.6,19.6,19.3,,,,,,2.9,4.1,,
266,2020-10-20,16.1,10,708,22.8,1400,,,,,,,4.6,70,1014,3.5,70,1015,1.1,910,7.7,29,1423,60,10.5,1015,1027.6,826,1023.5,2133,1025.4,11.2,9.1,1200,2.64,16.94,,,,,,.4,0,18.3,4.6,18.3,18.6,19.3,18.9,,,,,,3.4,4.9,,
266,2020-10-21,15.8,13.7,2232,19.5,1310,,1.5,1845,7,1839,33.5,5.2,50,245,3.9,50,241,1.4,1250,12.1,59,950,80,14.2,1008.8,1024.3,39,1016,2353,1019.1,11.1,.2,1000,1.09,4.66,,,,,,9.8,5.4,16.2,8.6,16.5,17.4,19,18.8,,,,,,1,1.4,,
266,2020-10-22,14.6,11,2400,19.3,1330,,.3,4,.4,4,.4,5,290,2149,3.6,290,2156,1.2,1016,9.9,49,2225,75.3,12.7,1002.7,1016.1,1,1010.5,1426,1013,11.1,.1,1300,1.15,7.37,,,,,,8.8,2.9,15.9,7.1,16.4,17,18.1,18.1,,,,,,1.7,2.4,,
266,2020-10-23,12,9.1,2234,17.7,1449,,,,,,,7.2,290,1912,5,290,1913,2.8,2451,1.8,30,1523,50.6,7,1003.7,1016.5,2244,1012.1,1407,1014.2,11.1,9,1200,2.73,17.37,,,,,,.4,0,12.3,3.8,13.4,14.2,16.6,16.8,,,,,,3.7,5.3,,
266,2020-10-24,12,8,453,17.4,1528,,,,,,,7.5,290,1027,5.9,290,1049,2.9,2541,.7,25,1304,47.5,6.5,1007.7,1020.6,2141,1016,19,1018.3,11,8.8,1200,2.66,17.03,,,,,,.3,0,11.5,2.7,12.5,13.3,15.5,15.8,,,,,,3.5,5.1,,
266,2020-10-25,14.6,8.5,225,21.8,1336,,,,,,,4.7,270,1420,3.7,290,1901,1.4,1204,5.9,32,1259,57.8,9.3,1009,1021.3,838,1016.9,1616,1019.5,11,7.8,1200,2.61,15.97,,,,,,1.9,.9,13.3,2.7,13.9,14.3,15.4,15.4,,,,,,3.1,4.5,,
266,2020-10-26,14.5,8.4,502,21.6,1513,,,,,,,2.8,230,1536,1.9,290,2009,.9,758,6.1,28,1300,60.4,9.5,1008.9,1021.4,835,1017.6,1457,1019.4,10.9,7.6,1100,2.47,14.98,,,,,,2.1,.1,14.1,3.2,14.3,14.5,15.8,16,,,,,,2.6,3.7,,
266,2020-10-27,15.5,9.6,617,22.2,1425,,,,,,,2.7,290,2358,1.9,290,2400,.7,632,7.4,30,1540,60.9,10.3,1010.2,1022.4,912,1019.2,1546,1020.7,10.9,8.3,1200,2.23,13.73,,,,,,5.1,1.9,15.4,3.5,14.9,15.4,16.1,16.6,,,,,,2.4,3.4,,
266,2020-10-28,15.6,12.7,2344,21.3,1603,,0,,0,,0,5.4,290,1931,4.5,290,1939,1.1,974,7.8,39,1636,60.5,10.7,1011.1,1023,849,1020.1,1429,1021.6,10.9,2.8,1500,1.28,6.9,,,,,,6.8,4.6,15.3,6.1,15.1,15.6,16.5,16.9,,,,,,1.7,2.5,,
266,2020-10-29,13.2,7.5,644,19.4,1422,,,,,,,3,320,23,2,290,25,.9,736,1.3,27,1554,45.6,6.8,1012.1,1024.6,830,1020.6,1558,1022.7,10.9,8.6,1200,2.32,14.75,,,,,,4,1,12.9,.8,13.6,14.6,15.7,16.3,,,,,,2.7,3.9,,
266,2020-10-30,14.1,8.9,621,19.5,1343,,,,,,,5.1,50,1056,4.1,70,1218,1.6,1397,3.8,34,1401,50.6,8.1,1014,1027.4,2226,1022.4,146,1024.6,10.8,8.7,1200,2.45,15.14,,,,,,.9,.9,14.5,2,14.2,14.7,15.5,16.1,,,,,,3.1,4.4,,
266,2020-10-31,13.9,10.9,254,18.7,1527,,,,,,,5.3,70,212,3.8,50,624,1.7,1499,4.9,32,1500,56.5,8.7,1015.1,1028.5,908,1022.9,1604,1025.7,10.8,8.3,1200,2.43,14.85,,,,,,1.1,1,14.5,4.7,14.6,15.1,15.7,16.1,,,,,,2.5,3.5,,
266,2020-11-01,13.8,11.6,26,16.4,1355,,,,,,1,2.4,290,2211,1.8,290,1531,.5,398,10,65,3,78.6,12.4,1011.1,1024,1,1020.1,1622,1021.7,10.8,0,1000,.79,3.77,,,,,,8.9,6.9,13.8,5.9,14.1,14.7,15.6,16.1,,,,,,.7,1,,
266,2020-11-02,14,11.5,2113,19.1,1440,,,,,,1,4.1,290,1926,3.6,290,1933,1.1,968,6.6,33,2313,65.6,10.3,1009.3,1021.5,939,1018,1517,1019.8,10.7,3.6,1300,2.05,9.43,,,,,,6.4,4.5,14.9,3.6,15,15.5,16,16.4,,,,,,2.1,3,,
266,2020-11-03,9.1,5.7,2359,12.8,1339,,,,,,,10.1,290,1340,7.3,290,1452,2.7,2351,-2.5,31,1152,44.9,5.1,1010.1,1023.6,2205,1018.8,1504,1020.8,10.7,8.4,1200,2.51,15.3,,,,,,1.5,.4,10.1,.2,10.9,12.6,14.6,15.4,,,,,,3,4.3,,
266,2020-11-04,8.1,2.1,558,15.1,1552,,,,,,,3.5,290,11,2.9,290,4,1.2,1021,-3.9,20,1555,45.1,4.6,1013.8,1026.2,2324,1022.3,1423,1024.6,10.7,8.7,1200,2.45,15.23,,,,,,.1,0,9.8,-3.3,10,11.4,13.1,14,,,,,,2.6,3.8,,
266,2020-11-05,10.2,2.9,531,15.8,1407,,,,,,,3.6,50,1035,2.7,90,1106,.9,750,-1.5,23,1408,45.5,5.6,1016.3,1029.2,917,1025.7,1649,1027.1,10.6,4.1,1100,2.17,11.46,,,,,,6.8,4.6,10.3,-3.3,10.5,11.3,12.6,13.4,,,,,,2.2,3.1,,
266,2020-11-06,14.1,10.2,441,16.7,1306,,,,,,0,1.5,290,1,1.2,290,7,.3,285,6,37,947,59.4,9.6,1011.8,1027,3,1019.8,2352,1022.4,10.6,0,900,.59,3.39,,,,,,7.8,5.1,12.7,4.7,12.7,13.1,13.6,13.9,,,,,,.7,1.1,,
266,2020-11-07,16.4,11.5,2314,23.4,1336,,,,,,,6.1,320,1712,4.2,270,1427,1.4,1197,7.4,32,1438,58.8,10.7,1007.8,1020.4,2311,1015.4,1433,1018.2,10.6,6.2,1300,2.09,11.22,,,,,,4,3.9,16.2,3.4,15.5,15.4,14.9,15,,,,,,2.6,3.7,,
266,2020-11-08,12.1,7.2,2321,19,1309,,,,,,,8,290,1209,6,290,1237,2.7,2321,-.7,14,1556,44.8,6.1,1010.9,1024.6,2214,1019.3,1330,1021.6,10.5,8.5,1200,2.25,14.08,,,,,,0,0,11.8,1.9,12.4,13.5,14.5,14.9,,,,,,3.9,5.5,,
266,2020-11-09,9.6,5,722,15.9,1337,,,,,,,6,290,244,4.8,290,252,1.8,1571,-5.1,17,1452,36.6,4.2,1014.2,1027,2240,1022.3,1500,1025,10.5,8.6,1200,2.38,14.54,,,,,,1,.3,10.2,-1.3,10.6,11.8,13.3,13.8,,,,,,3,4.3,,
266,2020-11-10,10.9,6.2,42,17,1403,,,,,,,4.3,290,1825,3.9,290,1859,1.5,1333,-1.4,24,1437,43.8,5.6,1016.8,1029.8,2355,1025.7,1343,1027.5,10.5,8.6,1200,2.26,13.81,,,,,,.8,.1,11.2,-.6,11.3,12.2,13.1,13.5,,,,,,2.7,3.9,,
266,2020-11-11,10.4,4.9,438,16.2,1432,,,,,,,4.3,90,1246,2.9,70,1235,1.2,1013,-1,27,1502,46.1,5.7,1021,1033.3,913,1029.7,1,1031.8,10.5,8.7,1200,2.3,13.93,,,,,,0,0,9.7,-2.4,10.3,11.5,12.7,13.2,,,,,,2.5,3.5,,
266,2020-11-12,12.5,6.4,609,19.1,1444,,,,,,,2.5,180,1306,1.9,90,1140,.7,642,4.6,39,1540,60.1,8.5,1019.5,1032.7,36,1027.9,1608,1030.2,10.4,8.5,1100,2.2,13.39,,,,,,0,0,11.5,-.3,11.5,12.2,12.8,13.2,,,,,,2.2,3.1,,
266,2020-11-13,13.5,7.4,619,20.7,1440,,,,,,,2.9,50,2301,2.6,50,2400,.7,576,3.5,20,1424,54.8,7.9,1017,1029.2,844,1025.5,1440,1027.7,10.4,8.3,1200,2.16,12.83,,,,,,.3,0,12,0,12,12.7,13.2,13.4,,,,,,2.7,3.9,,
266,2020-11-14,15.5,11.4,330,20,1251,,,,,,,6.2,50,29,4.6,50,853,2.3,2015,7.2,41,1104,58.9,10.2,1018.5,1030.9,912,1027.8,1439,1029.1,10.4,6.7,1100,2.13,11.68,,,,,,2.7,2.3,14,4.7,13.8,13.8,13.8,13.8,,,,,,2.2,3.2,,
266,2020-11-15,14.4,9.7,652,19.9,1339,,,,,,,3.3,20,27,2.6,20,31,1,862,7.3,39,1455,64.6,10.2,1016.5,1029.4,822,1025.1,1459,1027.2,,,1100,2.21,13.33,,,,,,3.4,.1,14,2.7,13.8,14.2,14.3,14.3,,,,,,2.3,3.3,,
266,2020-11-16,15.2,8.9,646,21.2,1416,,,,,,,5.4,50,2324,4.4,50,2327,1.5,1279,6.3,33,1417,58.9,9.6,1014.9,1026.9,921,1023.6,1355,1025.5,10.3,8,1200,2.15,12.8,,,,,,6.1,1.4,14.4,4.2,14.2,14.4,14.4,14.5,,,,,,3.4,4.8,,
266,2020-11-17,17.6,15.3,302,20,1318,,,,,,,5.5,50,52,4.1,50,604,2.1,1774,11,58,1013,66,13.3,1014.3,1026.5,140,1023.4,1427,1024.7,10.3,.8,1200,.96,5.6,,,,,,7.1,5.4,15.9,11.8,16,16,15.5,15.4,,,,,,1.3,1.8,,
266,2020-11-18,19.7,16.8,222,23,1349,,,,,,.5,5.3,180,2357,4.1,110,1246,1.5,1295,16.4,67,1348,81.8,18.7,1008.6,1023.6,17,1014.4,2354,1018.9,10.3,.7,1200,1.16,5.39,,,,,,8.9,5.5,18,12.7,17.6,17.2,16.4,16.2,,,,,,1.2,1.7,,
266,2020-11-19,18.4,12.8,2303,22.4,1310,,,,,,8,8.3,270,1517,5.5,290,1500,3.2,2731,15.3,65,2358,82.8,18.1,999.9,1014.8,9,1005.8,1358,1010.2,10.3,.3,1300,.5,2.65,,,,,,8,5,17.7,9.6,18.1,18.1,17.5,17.2,,,,,,1.4,2,,
266,2020-11-20,9.5,5.8,2229,13.1,23,,,,,,,8.7,290,1131,7.1,290,1135,3.8,3309,3,55,1157,64.4,7.7,1006.5,1022.6,2328,1011.9,14,1017.2,10.2,5.7,1200,2.18,10.9,,,,,,4.4,1.5,10.4,1.8,11.6,13.2,15.1,15.8,,,,,,2.1,2.9,,
266,2020-11-21,10.2,3.5,640,15.5,1421,,,,,,,5.8,70,809,4.8,50,1333,2.3,1963,3,46,1142,61.8,7.6,1012.5,1025.7,843,1021.9,1518,1023.2,10.2,7.9,1200,2.18,12.68,,,,,,2.9,2.3,9.2,-.9,10,11.2,12.7,13.6,,,,,,2.3,3.3,,
266,2020-11-22,10.6,7,2354,14.3,1500,,,,,,.5,6.5,290,1714,4.8,290,2229,1.8,1537,5.5,60,2319,71.8,9.2,1010.5,1024,2339,1018.8,1428,1021.3,10.2,.3,1400,.97,3.13,,,,,,7.4,3.9,11.6,3.5,11.3,12,13.1,13.7,,,,,,1.1,1.6,,
266,2020-11-23,7,4,2357,11.7,1408,,,,,,,5.9,290,141,4.3,290,35,2.5,2166,-2,37,1518,53.3,5.3,1015.1,1027.9,904,1023.7,30,1026.1,10.2,8.5,1200,2.15,12.79,,,,,,1.1,0,6.9,-.5,8.2,10,11.8,12.6,,,,,,2,2.8,,
266,2020-11-24,8.3,3.4,125,13.9,1412,,,,,,0,3.9,270,1615,2.8,270,1624,1.1,916,-4.1,24,1328,43.8,4.6,1015.6,1028.8,804,1024.8,1537,1026.4,10.1,7.3,1200,2.13,11.66,,,,,,6.3,4,8.5,-.4,8.9,9.9,11.3,12,,,,,,2.3,3.2,,
266,2020-11-25,9.6,4.5,719,15.3,1417,,,,,,,5.3,270,1428,4.3,270,1435,1.3,1119,-3.6,27,1418,39.9,4.7,1014.8,1027.6,916,1024,1510,1025.6,10.1,8.4,1200,2.08,12.34,,,,,,4.5,2.1,8.6,-1.8,9.1,10.2,11.3,11.8,,,,,,2.3,3.3,,
266,2020-11-26,10,6,250,14.5,1459,,,,,,,3.7,70,1237,3.1,70,1251,.9,813,-.3,32,1417,49.3,6,1014.7,1027.4,947,1023.4,1425,1025.5,10.1,5.8,1200,1.99,10.05,,,,,,7.4,3.4,10.5,2.4,10.2,10.8,11.4,11.9,,,,,,2.1,3,,
266,2020-11-27,8.4,4.5,2355,13.1,1357,,,,,,,8.6,290,1457,6.7,290,1726,3.2,2728,-1.2,43,1323,51,5.7,1014,1027.1,2351,1022.5,1433,1024.9,10.1,4.9,1000,2.08,10.52,,,,,,5,2.8,9.1,-.1,9.7,10.8,11.6,12,,,,,,2.5,3.6,,
266,2020-11-28,4.9,2.9,2340,8.8,1350,,,,,,,7.9,290,1834,6.3,290,1743,3.4,2957,-6.2,24,1431,45.6,3.9,1016.2,1028.6,948,1025.9,1456,1027.2,10,6.8,1100,1.76,10.46,,,,,,8.4,4.3,5.7,-2.5,6.7,8.4,10.2,10.9,,,,,,2.3,3.2,,
266,2020-11-29,5,.8,406,9.9,1213,,,,,,,8.6,290,1455,6.2,290,1524,2.3,1996,-4,38,1105,52.6,4.5,1017.7,1031.4,2358,1026.7,33,1028.7,10,7.5,1100,2.05,10.77,,,,,,2.8,.8,4.2,-5.2,5.5,7.3,9.2,10,,,,,,1.9,2.8,,
266,2020-11-30,5.2,1,401,10.8,1352,,,,,,,7.2,270,1253,6,270,1256,2.2,1865,-4.9,30,1505,49.4,4.3,1022,1034.7,2320,1031.1,14,1033.1,10,8.5,1200,2.12,12.2,,,,,,.8,0,4.7,-5.9,5.5,7,8.6,9.3,,,,,,2.2,3.1,,
266,2020-12-01,5.4,-.7,642,11.2,1433,,,,,,,4.7,70,1228,3.8,70,1229,1.3,1135,-9.9,11,1354,36.3,3,1022.1,1036,945,1030.5,1832,1033.2,10,8.2,1200,2.11,12,,,,,,2.6,0,4.2,-8,5,6.6,8.2,8.8,,,,,,2.5,3.6,,
266,2020-12-02,6.8,3.4,243,12.1,1543,,,,,,,5.9,70,1058,4.4,290,1649,1.6,1380,-9.8,18,1614,29.9,2.9,1017.4,1031.3,1,1026.3,1557,1028.3,10,2.9,1400,1.17,5.61,,,,,,4.8,3.5,5.5,-3.8,5.6,6.5,8.1,8.6,,,,,,1.9,2.6,,
266,2020-12-03,5.5,1.9,753,11.3,1230,,,,,,,6.2,290,1341,5,290,2024,2,1738,-6.2,32,1325,42.8,3.9,1017.1,1029.5,2336,1025.9,1433,1028.1,10,8.1,1200,2.03,11.31,,,,,,4.4,.3,5.3,-5.8,5.6,6.8,7.9,8.4,,,,,,2.1,3.1,,
266,2020-12-04,3.7,-.8,602,10,1336,,,,,,,6.7,290,1854,5.6,290,1817,2,1740,-9,20,1337,40.5,3.1,1017.6,1030.7,1011,1026.5,1502,1028.7,10,8.4,1200,2.05,12.08,,,,,,.5,.3,3.6,-9,4.5,6,7.6,8.1,,,,,,2.2,3.1,,
266,2020-12-05,5.6,.3,707,11.4,1437,,,,,,,4.9,290,2008,4.2,290,1955,1.2,1039,-4.9,33,1509,47.5,4.3,1018.3,1031.3,833,1027.4,1515,1029.3,9.9,8.2,1200,1.94,11.51,,,,,,2.4,1.4,4.4,-7.5,4.8,6,7.2,7.8,,,,,,1.9,2.7,,
266,2020-12-06,6.7,.9,750,12.6,1440,,,,,,,4.6,290,1453,3.2,270,1455,1.1,965,-3.1,29,1442,50.6,4.9,1017,1029.9,840,1025.6,1525,1027.9,9.9,8.2,1200,1.92,11.39,,,,,,.1,0,5.1,-6.4,5.6,6.7,7.6,8,,,,,,1.9,2.7,,
266,2020-12-07,6.4,2,651,12.3,1451,,,,,,,5.6,270,1516,4.3,270,1526,1.1,980,-1.3,42,1507,58.1,5.6,1016.3,1028.9,1027,1024.8,1503,1027.2,9.9,1.5,1200,1.34,6.14,,,,,,4.4,2.9,5.5,-5.2,5.4,6.2,7.5,7.9,,,,,,1.2,1.8,,
266,2020-12-08,4.5,.4,725,8.7,1250,,,,,,,6.4,270,1143,5.2,270,1419,2.1,1830,-5.2,35,1336,50.3,4.2,1016.5,1029,856,1025.4,1421,1027.5,9.9,8.2,1200,2.01,11.63,,,,,,1.5,.9,4,-6.4,4.5,6,7.3,7.8,,,,,,1.9,2.7,,
266,2020-12-09,4.7,-.9,745,11.5,1443,,,,,,,2.2,160,1500,1.6,290,147,.8,663,-7.1,14,1538,44.9,3.6,1014.7,1028.5,316,1022.8,1625,1025.7,9.9,8.2,1200,1.99,11.47,,,,,,1.8,1.3,3.7,-8.3,4.1,5.5,6.8,7.3,,,,,,1.8,2.5,,
266,2020-12-10,6.8,4.4,1,10.9,1501,,,,,,,2.1,360,451,1.6,290,2249,.5,406,-5.4,25,1406,42,4.1,1011.5,1024,7,1020.4,1408,1022.4,9.9,2.1,1400,1.07,4.5,,,,,,7.9,4.6,6,-2.3,5.6,6.3,7.1,7.6,,,,,,.9,1.3,,
266,2020-12-11,8.1,4.3,313,14.5,1335,,,,,,,5.8,290,1411,4.4,290,1350,1.3,1134,1.1,40,1336,62.1,6.6,1008.9,1022.5,1,1017.4,1347,1019.7,9.9,4.8,1200,1.84,8.42,,,,,,7.5,2.1,6,-3.6,6.6,7.1,7.5,7.7,,,,,,1.6,2.3,,
266,2020-12-12,7.8,4.6,2335,12.3,1427,,,,,,,5.9,270,1457,4.4,270,1147,2.2,1868,-6.9,18,1512,36.6,3.8,1007.1,1019.2,1024,1016.5,1343,1017.8,9.8,7.8,1200,1.99,11.33,,,,,,4.3,1,7,-3.5,7.2,7.9,8.2,8.3,,,,,,2.7,3.8,,
266,2020-12-13,5.2,.6,2343,11.6,1407,,,,,,.6,9.5,290,1825,7.3,290,1826,2.5,2170,-6.7,24,1142,43.8,3.9,1007.9,1022.4,2357,1014.1,1532,1018.8,9.9,5.3,1200,1.54,7.82,,,,,,6.9,1.6,4.8,-5.6,5.4,6.5,7.6,8,,,,,,1.8,2.6,,
266,2020-12-14,-1.4,-4.3,2244,2.8,1358,,,,,,,9,290,1152,6.3,290,1309,2.7,2310,-15.2,21,1220,34.8,1.9,1015.7,1029.7,2331,1022.5,1,1027,9.8,7.5,1300,1.92,9.22,,,,,,5.1,1.8,.9,-10.2,1.6,3.7,6,7,,,,,,1.6,2.2,,
266,2020-12-15,-1.9,-5.6,707,2.7,1458,,,,,,,7.2,290,1254,4.9,270,1202,1.9,1623,-13.4,22,1549,42.4,2.2,1018.2,1031.1,949,1028.4,1459,1029.5,9.8,8.6,1200,2.09,12.12,,,,,,0,0,-.3,-11.9,.4,2.2,4.4,5.4,,,,,,1.6,2.3,,
266,2020-12-16,-1.5,-4.7,628,3.5,1355,,,,,,,7,290,1521,5.4,290,1238,2.2,1899,-11.2,30,1507,48.5,2.6,1018.4,1030.7,2315,1028.4,1353,1029.7,9.8,8.6,1200,2.07,11.98,,,,,,0,0,-.1,-11.6,.6,2,3.8,4.6,,,,,,1.5,2.2,,
266,2020-12-17,.6,-4.8,657,5.9,1344,,,,,,,6.8,290,1327,5.2,270,1324,1.7,1498,-9.4,33,1243,47.5,3,1018.7,1031.5,848,1028.1,1630,1029.9,9.8,8.6,1200,2.08,11.92,,,,,,1.4,0,.7,-12.1,1.1,2.1,3.6,4.4,,,,,,1.7,2.4,,
266,2020-12-18,2.5,-1.7,55,9.2,1339,,,,,,0,7.7,290,1454,5.8,290,2315,2.2,1858,-6.7,33,1337,51,3.8,1017.2,1029.8,11,1025.5,1435,1028.3,9.8,6.9,1200,1.88,10.25,,,,,,5.4,2.3,1.8,-9.2,2.5,3.2,4,4.5,,,,,,2,2.9,,
266,2020-12-19,.4,-2.5,753,5.9,1405,,,,,,,7.5,290,752,6.2,290,753,3.3,2848,-16.8,9,1518,30.4,1.8,1019.7,1033,2210,1029.2,1417,1030.9,9.8,8.3,1200,2.12,12.33,,,,,,2.8,2.8,2,-9.5,2.3,3.4,4.4,5,,,,,,2.6,3.7,,
266,2020-12-20,1.4,-2.3,158,7.4,1312,,,,,,,9,290,1330,5.9,290,1340,1.8,1547,-8.8,32,1313,47.4,3.2,1020.2,1032.8,1,1029.3,1350,1031.4,9.8,8.2,1200,1.91,11.14,,,,,,3.8,.8,1.5,-9.6,2,3,4.1,4.6,,,,,,1.7,2.5,,
266,2020-12-21,2.3,-2.3,449,8.5,1412,,,,,,,5.4,270,1430,4.4,290,1452,1.5,1277,-6.7,37,1445,51.8,3.8,1018.3,1031.5,4,1027.4,1412,1029.4,9.8,6.1,1200,1.8,9.5,,,,,,2.8,1.4,1.6,-9.7,1.8,2.9,4,4.5,,,,,,1.4,2,,
266,2020-12-22,4.1,-.1,311,9,1321,,,,,,,4.2,270,1527,3.2,270,1340,1,880,-2.9,45,1323,60.9,5,1016.2,1028.9,5,1025.2,1427,1027.3,9.8,6,1100,1.53,8.03,,,,,,1.6,.3,1.3,-8.8,1.9,2.9,3.9,4.5,,,,,,1.1,1.6,,
266,2020-12-23,5.3,.4,658,9.8,1516,,,,,,,2.8,250,1424,2.4,230,1432,.7,640,-.6,47,1520,66.8,5.9,1013.2,1028.1,19,1020.2,2358,1024.2,9.8,2.5,1100,1.18,7.1,,,,,,5.5,2.3,2.7,-8.1,2.5,3.2,4,4.5,,,,,,1.1,1.5,,
266,2020-12-24,6.7,2.8,2312,11.6,1341,,,,,,,11.2,270,1531,7.6,290,1532,2.9,2527,-3.7,24,1553,50.5,4.9,1007.1,1020.4,2155,1015.8,1403,1017.9,9.8,6.8,1200,1.84,10.05,,,,,,3.8,.1,5.4,-3.2,5.3,5.6,5.5,5.5,,,,,,2.6,3.7,,
266,2020-12-25,3,.6,527,7,1357,,,,,,0,8.4,290,1250,5.7,290,1259,3.1,2649,-6.3,34,1401,51.3,3.8,1012.3,1026.5,2221,1019.6,55,1023.3,9.8,8.6,1200,2.04,11.88,,,,,,2,.3,2.7,-7.2,3.2,4.4,5.2,5.5,,,,,,1.6,2.3,,
266,2020-12-26,,4.3,2040,11,1322,,,,,,,5.5,270,1413,4,270,1415,1.5,1258,,34,1319,,,,1028.2,1057,1023.6,1450,,9.8,5.7,1200,1.93,8.28,,,,,,5.6,,8.9,-2.5,,,,,,,,,,1.4,2.1,,
266,2020-12-27,5.1,3.5,613,8.6,1136,,,,,,5,3.7,50,1719,2.9,50,1724,.8,686,1.2,48,1130,77.3,6.7,1011.6,1024.9,7,1020.8,1422,1022.5,9.8,0,1100,.53,2.89,,,,,,9.4,4.5,4.7,-1.3,4.7,5.1,5.6,5.8,,,,,,.5,.7,,
266,2020-12-28,6.6,1.1,814,13.1,1527,,,,,,,3.5,70,1304,2.8,70,1307,.6,506,3,50,1518,80.1,7.6,1012.6,1025.5,1019,1021.9,10,1023.5,9.8,7.7,1200,1.98,11.45,,,,,,4.6,2,5.1,-3.6,5.3,5.8,6,6.1,,,,,,1.4,2,,
266,2020-12-29,6,.6,2345,12.3,1317,,,,,,5,7,290,1741,5.6,290,1849,1.6,1419,1.7,49,1624,75.3,6.9,1007.6,1023.9,1,1014.1,1752,1018.4,9.8,3.3,1100,1.8,7.08,,,,,,8,3.4,4.9,-2.9,5.2,5.9,6.4,6.5,,,,,,1.3,1.8,,
266,2020-12-30,-4.2,-7.1,2317,.7,1,,,,,,1.4,11.8,290,414,8.1,290,432,4.6,3934,-10.9,47,1508,60,2.7,1009.4,1024.6,2342,1016.4,57,1020.8,9.8,7,1100,1.99,10.77,,,,,,5.4,2.6,.1,-9.1,.8,2.7,5,5.8,,,,,,1.2,1.7,,
266,2020-12-31,-1.9,-7.3,24,2.7,1415,,,,,,,7.3,270,1448,5.7,270,1452,2.8,2377,-9.5,42,1347,56.9,3.1,1014.1,1026.7,900,1023.6,1452,1025.4,9.9,8.1,1200,2.12,12.13,,,,,,2.9,.5,-1.1,-10.1,-1.1,.4,2.9,4,,,,,,1.4,1.9,,
